,SPY,QQQ,IWM,TLT,GLD,EFA,EEM,DBC,VNQ,XLE,XLF,XLK,XLV,XLU,IEI,VIG,SCHD,MDY,IEF,AGG,VXX,VTI,VEA,VWO,GOVT,SHY,BIL,LQD,HYG,SMH,XLP
SPY,1.0,0.6548447829083387,0.6059755717393052,-0.0927123770160422,0.08375679785776996,0.5955151330751557,0.5229886284944785,0.21184197642314448,0.5103078631993992,0.40129638261225564,0.583984690509861,0.6458679872633551,0.5325423600453811,0.3928538018654502,-0.05918446714203279,0.6662022232017915,0.5989603755210364,0.6310512418178799,-0.07010517456494218,0.10581604022386706,-0.5250369677958784,0.6972476266185097,0.600123461465352,0.5253604835050776,-0.08530165280536905,-0.026077244770424047,-0.008152231331459241,0.2298376859043073,0.5464472209219262,0.5678700482860399,0.4533634481955191
QQQ,0.6548447829083387,1.0,0.5381576884328474,-0.058647524311438576,0.09385857768870225,0.5313150777313345,0.5168668869729143,0.1671276037540769,0.4010552123543429,0.2734723627985927,0.4510645641482488,0.6808532589012645,0.44069602243986045,0.2837315450577082,-0.036113577898690775,0.5771600610523688,0.47427766619450906,0.5413057929616982,-0.04211919766709512,0.10399333457893986,-0.4923537111362981,0.6512023206991676,0.5396368059886633,0.5105145295698073,-0.0554186606198791,-0.010793938260846367,-0.008709022936152996,0.21377406047927086,0.48455192453046586,0.6176804607178145,0.3457750684799827
IWM,0.6059755717393052,0.5381576884328474,1.0,-0.07120884388617012,0.0910817829282436,0.5624057651822717,0.4895171550669335,0.20911364949011738,0.5143121891808786,0.428923979412956,0.569016045664672,0.527416722554035,0.45015646262117087,0.33968401454840674,-0.034544527811537266,0.5868786105505778,0.5698700341732809,0.6752781109117275,-0.047846100525573164,0.12113511835233956,-0.48711507074995186,0.627608113481023,0.5700907533220423,0.49103388550780963,-0.0616477190449074,-0.00833941590928748,-0.017664392894774686,0.2256757554840564,0.5177255733236371,0.4999649381139454,0.3601945496192278
TLT,-0.0927123770160422,-0.058647524311438576,-0.07120884388617012,1.0,0.1587297568906646,-0.05802333430828291,-0.05628527369847639,-0.12131977029203794,0.021081223107063344,-0.16491630763802403,-0.1690767852661256,-0.07133898283012192,-0.06538796386227291,0.010826044324269132,0.5571355531126431,-0.0990956724881311,-0.1277853966402764,-0.08715114830742436,0.6376938777002187,0.5867962999894868,0.08722333853287002,-0.08855662718065813,-0.05664280122110288,-0.06459708534643306,0.6327873352283377,0.42064400307627076,0.004796378568888007,0.47862288220139937,0.061635438600229436,-0.05707681073047832,-0.0496814956140618
GLD,0.08375679785776996,0.09385857768870225,0.0910817829282436,0.1587297568906646,1.0,0.17501039338166405,0.18842712346474838,0.184610187194467,0.0961958919904166,0.04202274776376732,0.004203086396098086,0.09178873354068842,0.06408835577159899,0.12459381286972793,0.22818014764586084,0.07608721071919598,0.051130944116389465,0.07684736856729023,0.2133982972920386,0.21449200669628626,-0.03927347617306698,0.08674899870102787,0.19051602087960182,0.1770814034203592,0.20152207371227165,0.22565754430082047,0.017217021378570792,0.19761200446099578,0.12880805798493838,0.10738460267598893,0.06425092296409912
EFA,0.5955151330751557,0.5313150777313345,0.5624057651822717,-0.05802333430828291,0.17501039338166405,1.0,0.5783788332308889,0.2140870547165478,0.47879997789954426,0.38997612594818054,0.5385802931827155,0.5235678823368813,0.46623091339742395,0.35432664818858134,-0.004726021634989703,0.5799281737004284,0.5436022509556742,0.5843054177891654,-0.023319477202549968,0.15244238959048356,-0.46966293683572957,0.5995866012145982,0.6953935842901829,0.5784201197756197,-0.03526710258284697,0.02382897618522827,-0.005953634362982321,0.25157160490115427,0.5211060039357658,0.4937502613990681,0.4033102618983941
EEM,0.5229886284944785,0.5168668869729143,0.4895171550669335,-0.05628527369847639,0.18842712346474838,0.5783788332308889,1.0,0.2104671628545827,0.3666776139987777,0.3247297896961571,0.4201077656732945,0.5129371372359893,0.3597704374200675,0.25012028763650507,-0.018201858141091768,0.47643283422655885,0.4259389431371492,0.49881407633191444,-0.03336809498524637,0.11711383549492518,-0.42958396371339475,0.5285679673212236,0.5979221072086494,0.687463747655488,-0.037673207791533096,0.012571336678827937,0.0022891143537187093,0.20256875886128733,0.43930170393217305,0.51650811233324,0.27793660071160703
DBC,0.21184197642314448,0.1671276037540769,0.20911364949011738,-0.12131977029203794,0.184610187194467,0.2140870547165478,0.2104671628545827,1.0,0.14776497882807,0.4412836534432539,0.19392216112875693,0.17050370550341684,0.12445392091613174,0.10640963660360515,-0.09285445900660297,0.18988402694880338,0.23049305951325172,0.21466708593196265,-0.10628962588774897,-0.025179519671901903,-0.18804424164940708,0.21311804736995812,0.2265109914503948,0.22009207486851584,-0.11699673753223858,-0.07737062536474688,-0.033396324437786534,0.032522080290599956,0.19424628587232493,0.15988464010771494,0.10976520485838767
VNQ,0.5103078631993992,0.4010552123543429,0.5143121891808786,0.021081223107063344,0.0961958919904166,0.47879997789954426,0.3666776139987777,0.14776497882807,1.0,0.33926681710120743,0.49149734934486966,0.38818673096896894,0.4649380735476242,0.5104942707269907,0.07301461900280308,0.5431302454485625,0.5353597943943867,0.5499209280667992,0.05885345643379201,0.20104023024957848,-0.36315480937758765,0.5191964965865111,0.47876599908082257,0.38057242658776064,0.03864221167397793,0.09015561653598048,0.0030993107690779047,0.2904176679347422,0.5074464556317804,0.3117308136942764,0.4741066222871439
XLE,0.40129638261225564,0.2734723627985927,0.428923979412956,-0.16491630763802403,0.04202274776376732,0.38997612594818054,0.3247297896961571,0.4412836534432539,0.33926681710120743,1.0,0.464644199487152,0.28174655390307407,0.3072362127071594,0.2549635626935624,-0.1367601831380752,0.40241729655897324,0.4831018746061341,0.4532909420740345,-0.15286879846886353,-0.007439190946551192,-0.3234341202218616,0.40832937261190216,0.3980152907414374,0.33839889129637724,-0.16408783408784391,-0.1057070825352395,-0.011667104273188011,0.07266707897791462,0.34480242859701055,0.25839601722059446,0.27240317196423275
XLF,0.583984690509861,0.4510645641482488,0.569016045664672,-0.1690767852661256,0.004203086396098086,0.5385802931827155,0.4201077656732945,0.19392216112875693,0.49149734934486966,0.464644199487152,1.0,0.4483472624359094,0.4691847897217312,0.3670861131230324,-0.13149999888496983,0.6032337993188097,0.6067411384807799,0.6073132117985084,-0.14875001081790323,0.033418108964545806,-0.44887336116028975,0.5890613215643219,0.53724587360131,0.4343483744134891,-0.16022499218034786,-0.09136134277206269,-0.00846997399166981,0.15043698356183188,0.4845573507959175,0.3830262858084091,0.4227605611246529
XLK,0.6458679872633551,0.6808532589012645,0.527416722554035,-0.07133898283012192,0.09178873354068842,0.5235678823368813,0.5129371372359893,0.17050370550341684,0.38818673096896894,0.28174655390307407,0.4483472624359094,1.0,0.4177607058067298,0.27804780569526216,-0.05049499480873684,0.5735333381692406,0.46588589655602963,0.536792533044312,-0.056124742579867264,0.0911576269483608,-0.48427288489222503,0.6412392783766933,0.5345550866835095,0.5003842840104279,-0.06944726948155111,-0.021995623623408025,-0.007573415309832472,0.20410760521253254,0.47191619872616125,0.6340625999424943,0.3184252230342581
XLV,0.5325423600453811,0.44069602243986045,0.45015646262117087,-0.06538796386227291,0.06408835577159899,0.46623091339742395,0.3597704374200675,0.12445392091613174,0.4649380735476242,0.3072362127071594,0.4691847897217312,0.4177607058067298,1.0,0.40706918723933627,-0.022574423007727103,0.5816381982801567,0.5535143233064008,0.48327955211837886,-0.035369712133412716,0.09008081942144976,-0.3899425263130925,0.5286916458265575,0.45878437346125855,0.3754240476744692,-0.047607385692982694,0.009863707338827769,-0.0022157140886292673,0.18229381059600766,0.43160288353785503,0.33066311932946113,0.49956572074945876
XLU,0.3928538018654502,0.2837315450577082,0.33968401454840674,0.010826044324269132,0.12459381286972793,0.35432664818858134,0.25012028763650507,0.10640963660360515,0.5104942707269907,0.2549635626935624,0.3670861131230324,0.27804780569526216,0.40706918723933627,1.0,0.06346799011015253,0.45930004613292136,0.44623001071009427,0.38604717476117106,0.05238333279619265,0.14765096850847126,-0.23660106049516583,0.38866574748794286,0.35377188179436303,0.2559053789360485,0.02868530532753591,0.08070713724784362,0.022491322767870116,0.22444461309280278,0.39455486058190553,0.19941197129975108,0.48182826214588736
IEI,-0.05918446714203279,-0.036113577898690775,-0.034544527811537266,0.5571355531126431,0.22818014764586084,-0.004726021634989703,-0.018201858141091768,-0.09285445900660297,0.07301461900280308,-0.1367601831380752,-0.13149999888496983,-0.05049499480873684,-0.022574423007727103,0.06346799011015253,1.0,-0.05638536426125804,-0.07590968927408835,-0.054591390326818555,0.674281266699643,0.5970009926709721,0.08925625748119789,-0.055337324725663765,-0.0011395346835456788,-0.02723521971372359,0.6304679147096562,0.6403510024040315,0.03698859963878347,0.4578285316378955,0.13258798320494464,-0.04891394111932257,0.000777136956751484
VIG,0.6662022232017915,0.5771600610523688,0.5868786105505778,-0.0990956724881311,0.07608721071919598,0.5799281737004284,0.47643283422655885,0.18988402694880338,0.5431302454485625,0.40241729655897324,0.6032337993188097,0.5735333381692406,0.5816381982801567,0.45930004613292136,-0.05638536426125804,1.0,0.6456181811767719,0.6288871175109548,-0.07034060141992424,0.09684458287517755,-0.4877958962729473,0.6637368494170259,0.5803011607531714,0.48371079377016035,-0.08479569906380628,-0.018113493650348884,-0.0018769760162190034,0.21328940304746885,0.5296376971943926,0.4893754941567034,0.5390972170861645
SCHD,0.5989603755210364,0.47427766619450906,0.5698700341732809,-0.1277853966402764,0.051130944116389465,0.5436022509556742,0.4259389431371492,0.23049305951325172,0.5353597943943867,0.4831018746061341,0.6067411384807799,0.46588589655602963,0.5535143233064008,0.44623001071009427,-0.07590968927408835,0.6456181811767719,1.0,0.6101786579858464,-0.0957407777722816,0.0693879115152869,-0.442972850751549,0.5997841271821813,0.5413648908043108,0.4409222066113596,-0.10872138063397363,-0.033997454126208894,0.0005897196902386143,0.18567459886423182,0.49493823090367545,0.40426824745681333,0.5477700304580737
MDY,0.6310512418178799,0.5413057929616982,0.6752781109117275,-0.08715114830742436,0.07684736856729023,0.5843054177891654,0.49881407633191444,0.21466708593196265,0.5499209280667992,0.4532909420740345,0.6073132117985084,0.536792533044312,0.48327955211837886,0.38604717476117106,-0.054591390326818555,0.6288871175109548,0.6101786579858464,1.0,-0.06689812019382728,0.11604693989716011,-0.4890021982765745,0.6474180168148719,0.5905223758386068,0.5015146266514645,-0.08012847968974393,-0.02412798693012609,-0.014432386252612256,0.22509504431694208,0.535927384522301,0.5025296019005807,0.4134056574141631
IEF,-0.07010517456494218,-0.04211919766709512,-0.047846100525573164,0.6376938777002187,0.2133982972920386,-0.023319477202549968,-0.03336809498524637,-0.10628962588774897,0.05885345643379201,-0.15286879846886353,-0.14875001081790323,-0.056124742579867264,-0.035369712133412716,0.05238333279619265,0.674281266699643,-0.07034060141992424,-0.0957407777722816,-0.06689812019382728,1.0,0.62181799813913,0.09272693279861283,-0.0659800420594967,-0.020013778149779587,-0.04287485839430989,0.6581738461791217,0.5721419787441774,0.021281850676646723,0.4927769074290661,0.11437689331227902,-0.05274019933914661,-0.0145011668100863
AGG,0.10581604022386706,0.10399333457893986,0.12113511835233956,0.5867962999894868,0.21449200669628626,0.15244238959048356,0.11711383549492518,-0.025179519671901903,0.20104023024957848,-0.007439190946551192,0.033418108964545806,0.0911576269483608,0.09008081942144976,0.14765096850847126,0.5970009926709721,0.09684458287517755,0.0693879115152869,0.11604693989716011,0.62181799813913,1.0,-0.049171987917039015,0.11261968949447801,0.15573547732101625,0.11280828792240508,0.590710630142546,0.5168542804973277,0.010637916205966885,0.5940319933439487,0.28064471032194266,0.08321743428440703,0.10344901680414764
VXX,-0.5250369677958784,-0.4923537111362981,-0.48711507074995186,0.08722333853287002,-0.03927347617306698,-0.46966293683572957,-0.42958396371339475,-0.18804424164940708,-0.36315480937758765,-0.3234341202218616,-0.44887336116028975,-0.48427288489222503,-0.3899425263130925,-0.23660106049516583,0.08925625748119789,-0.4877958962729473,-0.442972850751549,-0.4890021982765745,0.09272693279861283,-0.049171987917039015,1.0,-0.525297946229584,-0.4732090792144629,-0.43278319584505254,0.09188357451274823,0.07623374784887844,0.015785278228841865,-0.14945566118336476,-0.37959452366420254,-0.44809826086155363,-0.2981628015812504
VTI,0.6972476266185097,0.6512023206991676,0.627608113481023,-0.08855662718065813,0.08674899870102787,0.5995866012145982,0.5285679673212236,0.21311804736995812,0.5191964965865111,0.40832937261190216,0.5890613215643219,0.6412392783766933,0.5286916458265575,0.38866574748794286,-0.055337324725663765,0.6637368494170259,0.5997841271821813,0.6474180168148719,-0.0659800420594967,0.11261968949447801,-0.525297946229584,1.0,0.6048486360611632,0.5311769264384549,-0.08175383104002511,-0.023332636446165164,-0.008543036492236039,0.2347446191725246,0.5527998573926579,0.5691270433618928,0.44376534377539306
VEA,0.600123461465352,0.5396368059886633,0.5700907533220423,-0.05664280122110288,0.19051602087960182,0.6953935842901829,0.5979221072086494,0.2265109914503948,0.47876599908082257,0.3980152907414374,0.53724587360131,0.5345550866835095,0.45878437346125855,0.35377188179436303,-0.0011395346835456788,0.5803011607531714,0.5413648908043108,0.5905223758386068,-0.020013778149779587,0.15573547732101625,-0.4732090792144629,0.6048486360611632,1.0,0.5902092081293339,-0.032574910418469945,0.028138408824096624,-0.00681312444496743,0.2538879746758398,0.5232833827763584,0.506725070762566,0.39329475089218663
VWO,0.5253604835050776,0.5105145295698073,0.49103388550780963,-0.06459708534643306,0.1770814034203592,0.5784201197756197,0.687463747655488,0.22009207486851584,0.38057242658776064,0.33839889129637724,0.4343483744134891,0.5003842840104279,0.3754240476744692,0.2559053789360485,-0.02723521971372359,0.48371079377016035,0.4409222066113596,0.5015146266514645,-0.04287485839430989,0.11280828792240508,-0.43278319584505254,0.5311769264384549,0.5902092081293339,1.0,-0.04605955811580776,0.0020223704097346662,0.004683127967619809,0.2038380554776534,0.4467568939361065,0.4965476610446552,0.2974568285185381
GOVT,-0.08530165280536905,-0.0554186606198791,-0.0616477190449074,0.6327873352283377,0.20152207371227165,-0.03526710258284697,-0.037673207791533096,-0.11699673753223858,0.03864221167397793,-0.16408783408784391,-0.16022499218034786,-0.06944726948155111,-0.047607385692982694,0.02868530532753591,0.6304679147096562,-0.08479569906380628,-0.10872138063397363,-0.08012847968974393,0.6581738461791217,0.590710630142546,0.09188357451274823,-0.08175383104002511,-0.032574910418469945,-0.04605955811580776,1.0,0.5400567507194073,0.028945801199975137,0.4718471103213429,0.08724519772842561,-0.06079528357841723,-0.026392165827265928
SHY,-0.026077244770424047,-0.010793938260846367,-0.00833941590928748,0.42064400307627076,0.22565754430082047,0.02382897618522827,0.012571336678827937,-0.07737062536474688,0.09015561653598048,-0.1057070825352395,-0.09136134277206269,-0.021995623623408025,0.009863707338827769,0.08070713724784362,0.6403510024040315,-0.018113493650348884,-0.033997454126208894,-0.02412798693012609,0.5721419787441774,0.5168542804973277,0.07623374784887844,-0.023332636446165164,0.028138408824096624,0.0020223704097346662,0.5400567507194073,1.0,0.08823958664952553,0.3745191768806632,0.13681446898285346,-0.02490083615308384,0.03284438845584458
BIL,-0.008152231331459241,-0.008709022936152996,-0.017664392894774686,0.004796378568888007,0.017217021378570792,-0.005953634362982321,0.0022891143537187093,-0.033396324437786534,0.0030993107690779047,-0.011667104273188011,-0.00846997399166981,-0.007573415309832472,-0.0022157140886292673,0.022491322767870116,0.03698859963878347,-0.0018769760162190034,0.0005897196902386143,-0.014432386252612256,0.021281850676646723,0.010637916205966885,0.015785278228841865,-0.008543036492236039,-0.00681312444496743,0.004683127967619809,0.028945801199975137,0.08823958664952553,1.0,-0.0011528091248822726,-0.0046340582893767005,0.0006725515127114658,0.006852982837887973
LQD,0.2298376859043073,0.21377406047927086,0.2256757554840564,0.47862288220139937,0.19761200446099578,0.25157160490115427,0.20256875886128733,0.032522080290599956,0.2904176679347422,0.07266707897791462,0.15043698356183188,0.20410760521253254,0.18229381059600766,0.22444461309280278,0.4578285316378955,0.21328940304746885,0.18567459886423182,0.22509504431694208,0.4927769074290661,0.5940319933439487,-0.14945566118336476,0.2347446191725246,0.2538879746758398,0.2038380554776534,0.4718471103213429,0.3745191768806632,-0.0011528091248822726,1.0,0.41277596378625164,0.1832878140554201,0.1807439769490934
HYG,0.5464472209219262,0.48455192453046586,0.5177255733236371,0.061635438600229436,0.12880805798493838,0.5211060039357658,0.43930170393217305,0.19424628587232493,0.5074464556317804,0.34480242859701055,0.4845573507959175,0.47191619872616125,0.43160288353785503,0.39455486058190553,0.13258798320494464,0.5296376971943926,0.49493823090367545,0.535927384522301,0.11437689331227902,0.28064471032194266,-0.37959452366420254,0.5527998573926579,0.5232833827763584,0.4467568939361065,0.08724519772842561,0.13681446898285346,-0.0046340582893767005,0.41277596378625164,1.0,0.41183497824717946,0.3811688946406149
SMH,0.5678700482860399,0.6176804607178145,0.4999649381139454,-0.05707681073047832,0.10738460267598893,0.4937502613990681,0.51650811233324,0.15988464010771494,0.3117308136942764,0.25839601722059446,0.3830262858084091,0.6340625999424943,0.33066311932946113,0.19941197129975108,-0.04891394111932257,0.4893754941567034,0.40426824745681333,0.5025296019005807,-0.05274019933914661,0.08321743428440703,-0.44809826086155363,0.5691270433618928,0.506725070762566,0.4965476610446552,-0.06079528357841723,-0.02490083615308384,0.0006725515127114658,0.1832878140554201,0.41183497824717946,1.0,0.22117029616654074
XLP,0.4533634481955191,0.3457750684799827,0.3601945496192278,-0.0496814956140618,0.06425092296409912,0.4033102618983941,0.27793660071160703,0.10976520485838767,0.4741066222871439,0.27240317196423275,0.4227605611246529,0.3184252230342581,0.49956572074945876,0.48182826214588736,0.000777136956751484,0.5390972170861645,0.5477700304580737,0.4134056574141631,-0.0145011668100863,0.10344901680414764,-0.2981628015812504,0.44376534377539306,0.39329475089218663,0.2974568285185381,-0.026392165827265928,0.03284438845584458,0.006852982837887973,0.1807439769490934,0.3811688946406149,0.22117029616654074,1.0
