,Sharpe
Fixed_1bps_Fixed_1bps,0.8944038123052817
Fixed_1bps_Fixed_5bps,0.8849234758719222
Fixed_1bps_Fixed_10bps,0.8730359738404397
Fixed_1bps_Volume_Based,0.8967694209839338
Fixed_1bps_Sqrt_Impact,0.8944038123052817
Fixed_5bps_Fixed_1bps,0.8849234758719222
Fixed_5bps_Fixed_5bps,0.8754166940372143
Fixed_5bps_Fixed_10bps,0.8634974261039883
Fixed_5bps_Volume_Based,0.8872958377426792
Fixed_5bps_Sqrt_Impact,0.8849234758719222
Fixed_10bps_Fixed_1bps,0.8730359738404397
Fixed_10bps_Fixed_5bps,0.8525780080113592
Fixed_10bps_Fixed_10bps,0.8515400773391825
Fixed_10bps_Volume_Based,0.8754164560447238
Fixed_10bps_Sqrt_Impact,0.8730359738404397
IB_Commission_Fixed_1bps,0.8266037183407745
IB_Commission_Fixed_5bps,0.816956638691381
IB_Commission_Fixed_10bps,0.8048700399361218
IB_Commission_Volume_Based,0.8290120403091945
IB_Commission_Sqrt_Impact,0.8266037183407745
Percentage_0.1%_Fixed_1bps,0.8730359738404397
Percentage_0.1%_Fixed_5bps,0.8634974261039883
Percentage_0.1%_Fixed_10bps,0.8515400773391825
Percentage_0.1%_Volume_Based,0.8754164560447238
Percentage_0.1%_Sqrt_Impact,0.8730359738404397
Tiered_IBKR_Fixed_1bps,0.8723739768032142
Tiered_IBKR_Fixed_5bps,0.862833818679236
Tiered_IBKR_Fixed_10bps,0.8508745470940718
Tiered_IBKR_Volume_Based,0.8747548715293707
Tiered_IBKR_Sqrt_Impact,0.8723739768032142
