Price,signal
2014-02-05,0.8778094333649888
2014-02-06,0.864514086736309
2014-02-07,0.8828743273187718
2014-02-10,0.8474200696422918
2014-02-11,0.8138651471984806
2014-02-12,0.7917062361506806
2014-02-13,0.654320987654321
2014-02-14,0.6771130104463439
2014-02-18,0.6441911997467553
2014-02-19,0.51883507439063
2014-02-20,0.4542576764798987
2014-02-21,0.41310541310541304
2014-02-24,0.40930674264007605
2014-02-25,0.20924343146565372
2014-02-26,-0.21494143716365943
2014-02-27,-0.3289015511237734
2014-02-28,-0.30547641658752767
2014-03-03,-0.4314656536878759
2014-03-04,-0.33523266856600187
2014-03-05,-0.34346312124089906
2014-03-06,-0.6068376068376069
2014-03-07,-0.5865780310224755
2014-03-10,-0.6005064893953782
2014-03-11,-0.5238999683444128
2014-03-12,-0.461855017410573
2014-03-13,-0.40297562519784746
2014-03-14,-0.2668566001899335
2014-03-17,-0.1440329218106996
2014-03-18,-0.062361506805951206
2014-03-19,0.04716682494460267
2014-03-20,0.1617600506489396
2014-03-21,0.2295030072807851
2014-03-24,0.3428300094966761
2014-03-25,0.4080405191516303
2014-03-26,0.4137385248496359
2014-03-27,0.5137701804368471
2014-03-28,0.5726495726495726
2014-03-31,0.5713833491611269
2014-04-01,0.5846786957898069
2014-04-02,0.3865147198480532
2014-04-03,0.37765115542893324
2014-04-04,0.38524849635960745
2014-04-07,0.4561570117125673
2014-04-08,0.48211459322570427
2014-04-09,0.44096232985121864
2014-04-10,0.2655903767014878
2014-04-11,0.3903133903133904
2014-04-14,0.45868945868945876
2014-04-15,0.5739157961380184
2014-04-16,0.4681861348528016
2014-04-17,0.42956631845520743
2014-04-21,0.24976258309591648
2014-04-22,0.2852168407723963
2014-04-23,0.21114276669832233
2014-04-24,0.19088319088319095
2014-04-25,0.19594808483697368
2014-04-28,0.11111111111111116
2014-04-29,0.11870845204178537
2014-04-30,0.10098132320354547
2014-05-01,0.1896169673947452
2014-05-02,0.26052548274770504
2014-05-05,0.29344729344729337
2014-05-06,0.2516619183285851
2014-05-07,0.17315606204495104
2014-05-08,0.09528331750553964
2014-05-09,0.15859449192782527
2014-05-12,0.25989237100348217
2014-05-13,-0.0566635011079456
2014-05-14,-0.286483064260842
2014-05-15,-0.12124089901867685
2014-05-16,-0.032605254827477004
2014-05-19,0.19848053181386516
2014-05-20,0.10541310541310533
2014-05-21,0.14466603355492236
2014-05-22,0.25419436530547634
2014-05-23,0.18835074390629947
2014-05-27,0.13896802785691675
2014-05-28,0.08325419436530557
2014-05-29,0.13453624564735667
2014-05-30,0.11997467553023111
2014-06-02,0.09211775878442552
2014-06-03,0.11490978157644816
2014-06-04,0.07312440645773988
2014-06-05,0.1440329218106995
2014-06-06,0.0015827793605571738
2014-06-09,-0.05603038936372273
2014-06-10,-0.11111111111111116
2014-06-11,-0.14909781576448244
2014-06-12,0.023108578664134294
2014-06-13,0.05096549540993989
2014-06-16,-0.030072807850585637
2014-06-17,-0.21177587844254508
2014-06-18,-0.22886989553656223
2014-06-19,-0.25229503007280785
2014-06-20,-0.3206710984488762
2014-06-23,-0.34536245647356756
2014-06-24,-0.3124406457739791
2014-06-25,-0.23456790123456794
2014-06-26,-0.19025007913896808
2014-06-27,-0.2333016777461222
2014-06-30,-0.17822095599873378
2014-07-01,-0.19911364355808803
2014-07-02,-0.1839189616967395
2014-07-03,-0.22190566635011078
2014-07-07,-0.19848053181386516
2014-07-08,-0.11744222855333963
2014-07-09,-0.07502374169040837
2014-07-10,-0.10541310541310545
2014-07-11,-0.1003482114593226
2014-07-14,-0.19404874960430518
2014-07-15,-0.16682494460272235
2014-07-16,-0.12377334599556822
2014-07-17,-0.10857866413421968
2014-07-18,-0.04906616017727128
2014-07-21,0.10794555238999681
2014-07-22,0.14719848053181384
2014-07-23,0.19214941437163668
2014-07-24,0.16429249762583087
2014-07-25,0.12567268122823672
2014-07-28,0.12947135169357393
2014-07-29,0.10731244064577394
2014-07-30,0.1060462171573282
2014-07-31,0.163659385881608
2014-08-01,0.330800886356442
2014-08-04,0.421968977524533
2014-08-05,0.43906299461855025
2014-08-06,0.444127888572333
2014-08-07,0.46122190566635
2014-08-08,0.4998417220639444
2014-08-11,0.5106046217157327
2014-08-12,0.43526432415321303
2014-08-13,0.45235834124723007
2014-08-14,0.4415954415954415
2014-08-15,0.40487496043051596
2014-08-18,0.32003798670465344
2014-08-19,0.3270022158911048
2014-08-20,0.291547958214625
2014-08-21,0.2453308008863564
2014-08-22,0.27002215891104786
2014-08-25,0.2845837290281734
2014-08-26,0.27635327635327633
2014-08-27,0.24089901867679653
2014-08-28,0.2155745489078822
2014-08-29,0.17695473251028804
2014-09-02,-0.06679328901551129
2014-09-03,-0.11680911680911676
2014-09-04,-0.07945552389996835
2014-09-05,-0.18455207344096236
2014-09-08,-0.18201962646407088
2014-09-09,-0.2415321304210193
2014-09-10,-0.1541627097182653
2014-09-11,-0.10351377018043684
2014-09-12,-0.13453624564735678
2014-09-15,-0.0845204178537512
2014-09-16,-0.031972143083254245
2014-09-17,0.03640392529281411
2014-09-18,0.004115226337448652
2014-09-19,-0.002849002849002802
2014-09-22,0.007913896802785647
2014-09-23,0.07249129471351701
2014-09-24,0.044001266223488544
2014-09-25,0.04906616017727128
2014-09-26,0.18391896169673938
2014-09-29,0.2314023425134537
2014-09-30,0.22127255460588802
2014-10-01,0.295346628679962
2014-10-02,0.3402975625197848
2014-10-03,0.4156378600823045
2014-10-06,0.4200696422918646
2014-10-07,0.4099398543842989
2014-10-08,0.47261791706236145
2014-10-09,0.5251661918328585
2014-10-10,0.5732826843937955
2014-10-13,0.6384931940487497
2014-10-14,0.6923076923076923
2014-10-15,0.7619499841722064
2014-10-16,0.777144666033555
2014-10-17,0.8385565052231718
2014-10-20,0.8809749920861032
2014-10-21,0.8980690091801202
2014-10-22,0.8930041152263375
2014-10-23,0.8923710034821146
2014-10-24,0.9094650205761317
2014-10-27,0.8670465337132003
2014-10-28,0.8581829692940803
2014-10-29,0.8372902817347261
2014-10-30,0.8151313706869263
2014-10-31,0.724596391263058
2014-11-03,0.6429249762583096
2014-11-04,0.667616334283001
2014-11-05,0.6308958531180753
2014-11-06,0.5853118075340298
2014-11-07,0.5352959797404242
2014-11-10,0.35359290914846464
2014-11-11,0.07565685343463113
2014-11-12,-0.06109528331750558
2014-11-13,-0.1737891737891738
2014-11-14,-0.17315606204495093
2014-11-17,-0.29408040519151635
2014-11-18,-0.30231085786641343
2014-11-19,-0.2750870528648306
2014-11-20,-0.2073440962329851
2014-11-21,-0.21240899018676795
2014-11-24,-0.2098765432098766
2014-11-25,-0.12250712250712248
2014-11-26,-0.1718898385565052
2014-11-28,-0.06299461855017408
2014-12-01,0.0167774612219056
2014-12-02,0.23899968344412792
2014-12-03,0.29977841088952206
2014-12-04,0.25862614751503643
2014-12-05,0.15479582146248805
2014-12-08,0.27065527065527073
2014-12-09,0.32383665716999044
2014-12-10,0.3985438429882875
2014-12-11,0.4700854700854702
2014-12-12,0.5568217790440013
2014-12-15,0.5745489078822412
2014-12-16,0.6600189933523266
2014-12-17,0.7220639442861665
2014-12-18,0.8170307059195947
2014-12-19,0.7518201962646407
2014-12-22,0.7176321620766066
2014-12-23,0.7252295030072808
2014-12-24,0.7435897435897436
2014-12-26,0.6695156695156694
2014-12-29,0.5587211142766699
2014-12-30,0.45932257043368163
2014-12-31,0.33966445077556195
2015-01-02,0.3523266856600189
2015-01-05,0.4105729661285218
2015-01-06,0.4960430515986072
2015-01-07,0.6087369420702755
2015-01-08,0.628363406141184
2015-01-09,0.5371953149730928
2015-01-12,0.49287749287749283
2015-01-13,0.5030072807850585
2015-01-14,0.5859449192782527
2015-01-15,0.4377967711301045
2015-01-16,0.3466286799620133
2015-01-20,0.3251028806584362
2015-01-21,0.3067426400759734
2015-01-22,0.3320671098448875
2015-01-23,0.40677429566318457
2015-01-26,0.39284583729028166
2015-01-27,0.2826843937955048
2015-01-28,0.3510604621715734
2015-01-29,0.5283317505539729
2015-01-30,0.579613801836024
2015-02-02,0.6289965178854067
2015-02-03,0.597974042418487
2015-02-04,0.5967078189300412
2015-02-05,0.5257993035770814
2015-02-06,0.43716365938588164
2015-02-09,0.5036403925292814
2015-02-10,0.5194681861348529
2015-02-11,0.46248812915479576
2015-02-12,0.36752136752136755
2015-02-13,0.3263691041468819
2015-02-17,0.32573599240265905
2015-02-18,0.33396644507755613
2015-02-19,0.3162393162393162
2015-02-20,0.37955049066160185
2015-02-23,0.34156378600823056
2015-02-24,0.3314339981006649
2015-02-25,0.3187717632162077
2015-02-26,0.3725862614751503
2015-02-27,0.3421968977524532
2015-03-02,0.2276036720481165
2015-03-03,0.2617917062361508
2015-03-04,0.09971509971509973
2015-03-05,0.12187401076289972
2015-03-06,0.22000633111744228
2015-03-09,0.29028173472617924
2015-03-10,0.378917378917379
2015-03-11,0.3586578031022476
2015-03-12,0.42513453624564734
2015-03-13,0.4365305476416588
2015-03-16,0.48021525799303566
2015-03-17,0.4909781576448242
2015-03-18,0.4719848053181386
2015-03-19,0.44666033554922446
2015-03-20,0.37575182019626463
2015-03-23,0.3491611269389048
2015-03-24,0.2776194998417221
2015-03-25,0.33523266856600187
2015-03-26,0.35739157961380186
2015-03-27,0.4618550174105729
2015-03-30,0.39474517252295027
2015-03-31,0.38334916112693884
2015-04-01,0.3808167141500476
2015-04-02,0.5042735042735043
2015-04-06,0.45299145299145294
2015-04-07,0.42703387147831595
2015-04-08,0.20227920227920237
2015-04-09,0.21494143716365932
2015-04-10,0.0585628363406141
2015-04-13,0.009180120291231386
2015-04-14,-0.0034821145932256714
2015-04-15,-0.09401709401709402
2015-04-16,-0.1282051282051282
2015-04-17,-0.15922760367204813
2015-04-20,-0.07375751820196264
2015-04-21,0.033871478315922854
2015-04-22,-0.031339031339031376
2015-04-23,0.03956948401392846
2015-04-24,0.011079455523899995
2015-04-27,-0.06046217157328271
2015-04-28,-0.1339031339031339
2015-04-29,-0.10477999366888258
2015-04-30,-0.08388730610952833
2015-05-01,-0.06995884773662553
2015-05-04,-0.10794555238999681
2015-05-05,-0.15732826843937953
2015-05-06,-0.06489395378284268
2015-05-07,0.09591642924976251
2015-05-08,0.1560620449509338
2015-05-11,0.08198797087685983
2015-05-12,0.008547008547008517
2015-05-13,0.20101297879075664
2015-05-14,0.2231718898385564
2015-05-15,0.2016460905349795
2015-05-18,0.042101930990819936
2015-05-19,-0.02627413738524853
2015-05-20,-0.022475466919911313
2015-05-21,-0.0022158911047800434
2015-05-22,-0.07312440645773977
2015-05-26,-0.0724912947135169
2015-05-27,-0.0269072491294714
2015-05-28,0.07755618866729974
2015-05-29,0.0047483380816715215
2015-06-01,-0.004115226337448541
2015-06-02,-0.0446343779677113
2015-06-03,0.005381449825894169
2015-06-04,0.00031655587211143477
2015-06-05,0.0060145615701170385
2015-06-08,0.03577081354859124
2015-06-09,-0.020576131687242816
2015-06-10,0.013611902500791473
2015-06-11,0.018043684710351338
2015-06-12,-0.06869262424817979
2015-06-15,-0.05729661285216836
2015-06-16,0.042735042735042805
2015-06-17,0.15542893320671092
2015-06-18,0.0022158911047800434
2015-06-19,-0.008547008547008517
2015-06-22,-0.019943019943019946
2015-06-23,0.13833491611269388
2015-06-24,0.08958531180753404
2015-06-25,0.04843304843304841
2015-06-26,-0.05476416587527699
2015-06-29,0.06172839506172845
2015-06-30,0.2054447610003165
2015-07-01,0.31180753402975636
2015-07-02,0.2687559354226021
2015-07-06,0.2725546058879391
2015-07-07,0.26432415321304203
2015-07-08,0.3440962329851218
2015-07-09,0.3409306742640077
2015-07-10,0.35169357391579603
2015-07-13,0.32193732193732183
2015-07-14,0.3130737575182019
2015-07-15,0.14276669832225397
2015-07-16,0.16809116809116809
2015-07-17,0.12630579297245959
2015-07-20,0.09465020576131677
2015-07-21,0.02754036087369416
2015-07-22,0.04590060145615693
2015-07-23,0.02690724912947129
2015-07-24,0.002849002849002913
2015-07-27,-0.03893637226970559
2015-07-28,-0.06172839506172845
2015-07-29,-0.14466603355492247
2015-07-30,-0.27382082937638497
2015-07-31,-0.31750553972776197
2015-08-03,-0.3327002215891105
2015-08-04,-0.36182336182336183
2015-08-05,-0.42323520101297885
2015-08-06,-0.4795821462488129
2015-08-07,-0.5112377334599556
2015-08-10,-0.5333966445077556
2015-08-11,-0.5232668566001899
2015-08-12,-0.5125039569484013
2015-08-13,-0.5163026274137386
2015-08-14,-0.5295979740424185
2015-08-17,-0.5454257676479899
2015-08-18,-0.5479582146248814
2015-08-19,-0.5568217790440013
2015-08-20,-0.5732826843937955
2015-08-21,-0.5846786957898069
2015-08-24,-0.5891104779993669
2015-08-25,-0.5593542260208927
2015-08-26,-0.4890788224121557
2015-08-27,-0.5080721747388415
2015-08-28,-0.5764482431149098
2015-08-31,-0.6182336182336182
2015-09-01,-0.6125356125356125
2015-09-02,-0.606204495093384
2015-09-03,-0.6353276353276354
2015-09-04,-0.6055713833491612
2015-09-08,-0.5713833491611269
2015-09-09,-0.5853118075340298
2015-09-10,-0.5106046217157328
2015-09-11,-0.5131370686926242
2015-09-14,-0.5068059512503957
2015-09-15,-0.5023741690408356
2015-09-16,-0.5359290914846471
2015-09-17,-0.5264324153213042
2015-09-18,-0.553656220322887
2015-09-21,-0.5549224438113327
2015-09-22,-0.5834124723013612
2015-09-23,-0.6131687242798354
2015-09-24,-0.6416587527698638
2015-09-25,-0.6081038303260525
2015-09-28,-0.5194681861348528
2015-09-29,-0.36942070275403605
2015-09-30,-0.20291231402342513
2015-10-01,-0.159860715416271
2015-10-02,-0.06932573599240266
2015-10-05,0.0743906299461854
2015-10-06,0.2415321304210194
2015-10-07,0.334599556821779
2015-10-08,0.24406457739791065
2015-10-09,0.35992402659069334
2015-10-12,0.36942070275403616
2015-10-13,0.3618233618233617
2015-10-14,0.47894903450459014
2015-10-15,0.4992086103197215
2015-10-16,0.48844571066793296
2015-10-19,0.4555238999683444
2015-10-20,0.5416270971826527
2015-10-21,0.561886672997784
2015-10-22,0.5884773662551441
2015-10-23,0.4859132636910415
2015-10-26,0.49414371636593857
2015-10-27,0.5555555555555556
2015-10-28,0.6790123456790123
2015-10-29,0.6745805634694524
2015-10-30,0.5492244381133271
2015-11-02,0.500474833808167
2015-11-03,0.396011396011396
2015-11-04,0.19468186134852794
2015-11-05,0.0883190883190883
2015-11-06,0.0465337132003798
2015-11-09,0.012345679012345734
2015-11-10,-0.08135485913263696
2015-11-11,-0.09465020576131689
2015-11-12,-0.07628996517885411
2015-11-13,-0.007280785058562889
2015-11-16,-0.14276669832225386
2015-11-17,-0.11301044634377966
2015-11-18,-0.15289648622981955
2015-11-19,-0.13580246913580252
2015-11-20,-0.09718265273820825
2015-11-23,-0.247230136119025
2015-11-24,-0.3105413105413105
2015-11-25,-0.27825261158594494
2015-11-27,-0.3390313390313391
2015-11-30,-0.41690408357075026
2015-12-01,-0.3364988920544476
2015-12-02,-0.33206710984488763
2015-12-03,-0.4295663184552073
2015-12-04,-0.4498258942703387
2015-12-07,-0.4656536878759101
2015-12-08,-0.4536245647356758
2015-12-09,-0.4637543526432415
2015-12-10,-0.43526432415321303
2015-12-11,-0.45679012345679015
2015-12-14,-0.4871794871794872
2015-12-15,-0.4415954415954416
2015-12-16,-0.37891737891737887
2015-12-17,-0.43083254194365306
2015-12-18,-0.44855967078189296
2015-12-21,-0.5606204495093384
2015-12-22,-0.6188667299778411
2015-12-23,-0.680278569167458
2015-12-24,-0.7138334916112694
2015-12-28,-0.7366255144032922
2015-12-29,-0.7378917378917379
2015-12-30,-0.7733459955682178
2015-12-31,-0.8069009180120291
2016-01-04,-0.8581829692940804
2016-01-05,-0.834124723013612
2016-01-06,-0.8258942703387148
2016-01-07,-0.8645140867363089
2016-01-08,-0.8442545109211776
2016-01-11,-0.8537511870845205
2016-01-12,-0.8480531813865148
2016-01-13,-0.829059829059829
2016-01-14,-0.8182969294080406
2016-01-15,-0.8005698005698005
2016-01-19,-0.7904400126622348
2016-01-20,-0.7625830959164293
2016-01-21,-0.7619499841722064
2016-01-22,-0.6752136752136753
2016-01-25,-0.6954732510288066
2016-01-26,-0.6745805634694524
2016-01-27,-0.6536878759100981
2016-01-28,-0.6106362773029439
2016-01-29,-0.6176005064893954
2016-02-01,-0.6574865463754352
2016-02-02,-0.531497309275087
2016-02-03,-0.4960430515986072
2016-02-04,-0.33776511554289335
2016-02-05,-0.29218106995884774
2016-02-08,-0.31370686926242486
2016-02-09,-0.11364355808800253
2016-02-10,0.17252295030072817
2016-02-11,0.3010446343779678
2016-02-12,0.3289015511237734
2016-02-16,0.5637860082304527
2016-02-17,0.5701171256726811
2016-02-18,0.7277619499841721
2016-02-19,0.7188983855650521
2016-02-22,0.8347578347578348
2016-02-23,0.8043684710351378
2016-02-24,0.6391263057929724
2016-02-25,0.7207977207977208
2016-02-26,0.7613168724279835
2016-02-29,0.7929724596391263
2016-03-01,0.7752453308008864
2016-03-02,0.7321937321937322
2016-03-03,0.6574865463754354
2016-03-04,0.7125672681228237
2016-03-07,0.7562519784742008
2016-03-08,0.7226970560303894
2016-03-09,0.6486229819563152
2016-03-10,0.7359924026590694
2016-03-11,0.7030705919594809
2016-03-14,0.6359607470718582
2016-03-15,0.6049382716049383
2016-03-16,0.5498575498575498
2016-03-17,0.30990819879708775
2016-03-18,-0.053497942386831254
2016-03-21,-0.09908198797087686
2016-03-22,-0.07882241215574548
2016-03-23,-0.2193732193732194
2016-03-24,-0.22633744855967075
2016-03-28,-0.2535612535612536
2016-03-29,-0.2845837290281735
2016-03-30,-0.11047799936688829
2016-03-31,-0.08895220006331117
2016-04-01,-0.15669515669515666
2016-04-04,-0.3092750870528649
2016-04-05,-0.46122190566635013
2016-04-06,-0.5827793605571383
2016-04-07,-0.6492560937005382
2016-04-08,-0.6036720481164926
2016-04-11,-0.6644507755618867
2016-04-12,-0.7302943969610636
2016-04-13,-0.7885406774295664
2016-04-14,-0.8189300411522633
2016-04-15,-0.8056346945235834
2016-04-18,-0.8676796454574233
2016-04-19,-0.8600823045267489
2016-04-20,-0.8999683444127888
2016-04-21,-0.921494143716366
2016-04-22,-0.9366888255777145
2016-04-25,-0.9145299145299145
2016-04-26,-0.917062361506806
2016-04-27,-0.9189616967394745
2016-04-28,-0.9347894903450459
2016-04-29,-0.9328901551123774
2016-05-02,-0.899335232668566
2016-05-03,-0.8892054447610003
2016-05-04,-0.8822412155745489
2016-05-05,-0.8740107628996518
2016-05-06,-0.8670465337132004
2016-05-09,-0.8322253877809433
2016-05-10,-0.8714783159227604
2016-05-11,-0.8575498575498576
2016-05-12,-0.886039886039886
2016-05-13,-0.894903450459006
2016-05-16,-0.9157961380183602
2016-05-17,-0.8797087685976575
2016-05-18,-0.9164292497625831
2016-05-19,-0.9062994618550174
2016-05-20,-0.9100981323203545
2016-05-23,-0.8499525166191833
2016-05-24,-0.8277936055713834
2016-05-25,-0.7993035770813548
2016-05-26,-0.8050015827793606
2016-05-27,-0.8138651471984806
2016-05-31,-0.7999366888255777
2016-06-01,-0.7929724596391263
2016-06-02,-0.8106995884773662
2016-06-03,-0.7790440012662235
2016-06-06,-0.7689142133586578
2016-06-07,-0.785375118708452
2016-06-08,-0.7936055713833492
2016-06-09,-0.7942386831275721
2016-06-10,-0.846786957898069
2016-06-13,-0.8309591642924976
2016-06-14,-0.8144982589427034
2016-06-15,-0.7777777777777778
2016-06-16,-0.7948717948717949
2016-06-17,-0.7049699271921495
2016-06-20,-0.5897435897435898
2016-06-21,-0.5257993035770814
2016-06-22,-0.5523899968344412
2016-06-23,-0.5182019626464072
2016-06-24,-0.5751820196264641
2016-06-27,-0.6049382716049383
2016-06-28,-0.601772712883824
2016-06-29,-0.5485913263691041
2016-06-30,-0.5530231085786641
2016-07-01,-0.5973409306742641
2016-07-05,-0.561886672997784
2016-07-06,-0.575815131370687
2016-07-07,-0.6581196581196581
2016-07-08,-0.693573915796138
2016-07-11,-0.7252295030072808
2016-07-12,-0.6340614118391896
2016-07-13,-0.5017410572966128
2016-07-14,-0.41880341880341876
2016-07-15,-0.4333649889205444
2016-07-18,-0.3744855967078189
2016-07-19,-0.3371320037986705
2016-07-20,-0.18898385565052234
2016-07-21,-0.25799303577081356
2016-07-22,-0.17695473251028804
2016-07-25,-0.17252295030072806
2016-07-26,-0.31940487496043046
2016-07-27,-0.04400126622348843
2016-07-28,0.11744222855333963
2016-07-29,-0.16112693890471663
2016-08-01,-0.4036087369420702
2016-08-02,-0.5390946502057613
2016-08-03,-0.5473251028806585
2016-08-04,-0.46691991136435584
2016-08-05,-0.47451725229503006
2016-08-08,-0.5093383982272871
2016-08-09,-0.5308641975308642
2016-08-10,-0.4998417220639443
2016-08-11,-0.5397277619499842
2016-08-12,-0.5561886672997784
2016-08-15,-0.566951566951567
2016-08-16,-0.5878442545109213
2016-08-17,-0.5517568850902184
2016-08-18,-0.5992402659069326
2016-08-19,-0.6112693890471668
2016-08-22,-0.6669832225387782
2016-08-23,-0.7075023741690408
2016-08-24,-0.7062361506805952
2016-08-25,-0.7771446660335549
2016-08-26,-0.8043684710351378
2016-08-29,-0.7537195314973093
2016-08-30,-0.7429566318455207
2016-08-31,-0.7473884140550807
2016-09-01,-0.7220639442861665
2016-09-02,-0.7359924026590694
2016-09-06,-0.6815447926559037
2016-09-07,-0.7296612852168407
2016-09-08,-0.7100348211459322
2016-09-09,-0.6821779044001266
2016-09-12,-0.6365938588160811
2016-09-13,-0.6422918645140867
2016-09-14,-0.6834441278885723
2016-09-15,-0.6600189933523266
2016-09-16,-0.6334283000949668
2016-09-19,-0.637226970560304
2016-09-20,-0.7011712567268122
2016-09-21,-0.6885090218423552
2016-09-22,-0.6904083570750237
2016-09-23,-0.7758784425451092
2016-09-26,-0.7587844254510921
2016-09-27,-0.7575182019626464
2016-09-28,-0.724596391263058
2016-09-29,-0.7492877492877492
2016-09-30,-0.7518201962646407
2016-10-03,-0.7917062361506806
2016-10-04,-0.7910731244064577
2016-10-05,-0.8125989237100348
2016-10-06,-0.8334916112693891
2016-10-07,-0.8024691358024691
2016-10-10,-0.7961380183602406
2016-10-11,-0.702437480215258
2016-10-12,-0.7005381449825894
2016-10-13,-0.6758467869578981
2016-10-14,-0.6144349477682811
2016-10-17,-0.6201329534662867
2016-10-18,-0.5910098132320354
2016-10-19,-0.5941753719531497
2016-10-20,-0.5808800253244697
2016-10-21,-0.6473567584678696
2016-10-24,-0.663184552073441
2016-10-25,-0.6384931940487496
2016-10-26,-0.6213991769547325
2016-10-27,-0.6619183285849952
2016-10-28,-0.6638176638176638
2016-10-31,-0.5998733776511554
2016-11-01,-0.6030389363722697
2016-11-02,-0.5637860082304527
2016-11-03,-0.4776828110161444
2016-11-04,-0.4017094017094017
2016-11-07,-0.3719531497309275
2016-11-08,-0.24089901867679642
2016-11-09,-0.30167774612219056
2016-11-10,-0.09971509971509973
2016-11-11,-0.05096549540993989
2016-11-14,0.04020259575815133
2016-11-15,0.01551123773345986
2016-11-16,0.032605254827477115
2016-11-17,0.09085153529597978
2016-11-18,0.17948717948717952
2016-11-21,0.23203545425767658
2016-11-22,0.2991452991452992
2016-11-23,0.269389047166825
2016-11-25,0.23773345995568218
2016-11-28,0.27382082937638486
2016-11-29,0.33776511554289335
2016-11-30,0.3194048749604306
2016-12-01,0.26622348844571064
2016-12-02,0.3023108578664133
2016-12-05,0.30800886356441914
2016-12-06,0.41690408357075026
2016-12-07,0.4504590060145617
2016-12-08,0.34726179170623617
2016-12-09,0.28584995251661915
2016-12-12,0.07122507122507127
2016-12-13,0.1459322570433681
2016-12-14,0.041468819246597066
2016-12-15,-0.052864830642608385
2016-12-16,-0.1402342513453625
2016-12-19,-0.041468819246597066
2016-12-20,-0.12693890471668245
2016-12-21,-0.19278252611585944
2016-12-22,-0.07185818296929403
2016-12-23,-0.06616017727128842
2016-12-27,-0.043368154479265564
2016-12-28,-0.116176005064894
2016-12-29,-0.08198797087685972
2016-12-30,0.02627413738524842
2017-01-03,-0.08705286483064256
2017-01-04,-0.11490978157644827
2017-01-05,-0.1636593858816081
2017-01-06,-0.16872427983539096
2017-01-09,-0.24026590693257355
2017-01-10,-0.27002215891104775
2017-01-11,-0.3510604621715733
2017-01-12,-0.38778094333649893
2017-01-13,-0.42513453624564734
2017-01-17,-0.444127888572333
2017-01-18,-0.3903133903133903
2017-01-19,-0.32130421019309907
2017-01-20,-0.28584995251661915
2017-01-23,-0.1915163026274137
2017-01-24,-0.16302627413738524
2017-01-25,-0.007913896802785647
2017-01-26,-0.08515352959797406
2017-01-27,-0.06805951250395692
2017-01-30,0.024374802152580033
2017-01-31,0.185818296929408
2017-02-01,0.25609370053814495
2017-02-02,0.2769863880974992
2017-02-03,0.24469768914213352
2017-02-06,0.19404874960430507
2017-02-07,0.13706869262424815
2017-02-08,0.26812282367837925
2017-02-09,0.35929091484647047
2017-02-10,0.4675530231085787
2017-02-13,0.3979107312440646
2017-02-14,0.47704969927192153
2017-02-15,0.46691991136435584
2017-02-16,0.4536245647356758
2017-02-17,0.41500474833808165
2017-02-21,0.46881924659702445
2017-02-22,0.37511870845204176
2017-02-23,0.29787907565685345
2017-02-24,0.21050965495409946
2017-02-27,0.17505539727761943
2017-02-28,0.16302627413738535
2017-03-01,0.16492560937005374
2017-03-02,0.20671098448876224
2017-03-03,0.18012029123140239
2017-03-06,0.08768597657486543
2017-03-07,0.04526748971193406
2017-03-08,0.033238366571699984
2017-03-09,0.08578664134219682
2017-03-10,0.1497309275087053
2017-03-13,0.06932573599240266
2017-03-14,0.0034821145932257824
2017-03-15,-0.06362773029439694
2017-03-16,0.03450459006014572
2017-03-17,-0.04843304843304841
2017-03-20,-0.08958531180753404
2017-03-21,-0.21050965495409935
2017-03-22,-0.09021842355175691
2017-03-23,-0.13960113960113962
2017-03-24,-0.12314023425134535
2017-03-27,-0.08578664134219693
2017-03-28,-0.07692307692307687
2017-03-29,-0.07818930041152261
2017-03-30,-0.11554289332067114
2017-03-31,-0.16049382716049387
2017-04-03,-0.13833491611269388
2017-04-04,-0.181386514719848
2017-04-05,-0.1896169673947452
2017-04-06,-0.10604621715732832
2017-04-07,-0.11237733459955679
2017-04-10,-0.09528331750553976
2017-04-11,-0.11870845204178537
2017-04-12,-0.18012029123140239
2017-04-13,-0.12757201646090532
2017-04-17,-0.24659702437480213
2017-04-18,-0.20671098448876224
2017-04-19,-0.20924343146565372
2017-04-20,-0.203545425767648
2017-04-21,-0.23013611902500797
2017-04-24,-0.22823678379233936
2017-04-25,-0.13137068692624243
2017-04-26,-0.14719848053181384
2017-04-27,-0.16619183285849948
2017-04-28,-0.19721430832541942
2017-05-01,-0.17948717948717952
2017-05-02,-0.16555872111427672
2017-05-03,-0.2174738841405508
2017-05-04,-0.17442228553339667
2017-05-05,-0.13896802785691675
2017-05-08,-0.15036403925292818
2017-05-09,-0.1756885090218424
2017-05-10,-0.16492560937005385
2017-05-11,-0.1497309275087053
2017-05-12,-0.12187401076289961
2017-05-15,-0.1459322570433682
2017-05-16,-0.11934156378600824
2017-05-17,-0.1699905033238367
2017-05-18,-0.014245014245014231
2017-05-19,0.08008863564419122
2017-05-22,0.11047799936688829
2017-05-23,0.11174422285533403
2017-05-24,0.02500791389680268
2017-05-25,0.0408357075023742
2017-05-26,0.05476416587527688
2017-05-30,0.020576131687242816
2017-05-31,-0.00031655587211143477
2017-06-01,-0.05792972459639123
2017-06-02,-0.05539727761949986
2017-06-05,-0.08325419436530546
2017-06-06,-0.13073757518201967
2017-06-07,-0.20797720797720798
2017-06-08,-0.2155745489078822
2017-06-09,-0.2434314656536879
2017-06-12,-0.18835074390629947
2017-06-13,-0.14846470402025957
2017-06-14,-0.12630579297245959
2017-06-15,-0.18265273820829375
2017-06-16,-0.13327002215891104
2017-06-19,-0.1516302627413738
2017-06-20,-0.12883823994935106
2017-06-21,-0.18328584995251662
2017-06-22,-0.13643558088002528
2017-06-23,-0.09844887622665399
2017-06-26,-0.10161443494776823
2017-06-27,-0.14086736308958536
2017-06-28,-0.03956948401392846
2017-06-29,0.06489395378284257
2017-06-30,0.08388730610952844
2017-07-03,-0.011079455523899995
2017-07-05,-0.018043684710351338
2017-07-06,0.03830326052548272
2017-07-07,0.06236150680595132
2017-07-10,0.06995884773662553
2017-07-11,0.05729661285216836
2017-07-12,0.021209243431465685
2017-07-13,0.052231718898385626
2017-07-14,0.03893637226970559
2017-07-17,0.06046217157328271
2017-07-18,-0.00538144982589428
2017-07-19,-0.03323836657169987
2017-07-20,-0.1022475466919911
2017-07-21,-0.15859449192782527
2017-07-24,-0.2016460905349794
2017-07-25,-0.18518518518518523
2017-07-26,-0.21114276669832222
2017-07-27,-0.17632162076606517
2017-07-28,-0.1478315922760367
2017-07-31,-0.19594808483697368
2017-08-01,-0.22000633111744228
2017-08-02,-0.2352010129787907
2017-08-03,-0.2491294713516936
2017-08-04,-0.2314023425134536
2017-08-07,-0.2554605887939221
2017-08-08,-0.2655903767014878
2017-08-09,-0.290914846470402
2017-08-10,-0.29597974042418485
2017-08-11,-0.2573599240265907
2017-08-14,-0.1978474200696423
2017-08-15,-0.2276036720481165
2017-08-16,-0.19531497309275092
2017-08-17,-0.21304210193099082
2017-08-18,-0.1301044634377968
2017-08-21,-0.09338398227287115
2017-08-22,-0.06742640075973405
2017-08-23,-0.02500791389680279
2017-08-24,-0.04779993668882554
2017-08-25,-0.021842355175688555
2017-08-28,0.014245014245014342
2017-08-29,0.03703703703703698
2017-08-30,0.017410572966128468
2017-08-31,0.022475466919911424
2017-09-01,0.04463437796771119
2017-09-05,0.043368154479265675
2017-09-06,0.076289965178854
2017-09-07,0.06869262424817979
2017-09-08,0.06742640075973405
2017-09-11,0.07502374169040826
2017-09-12,0.05539727761949975
2017-09-13,0.11554289332067103
2017-09-14,0.07882241215574548
2017-09-15,0.12377334599556811
2017-09-18,0.1161760050648939
2017-09-19,0.0826210826210827
2017-09-20,0.08515352959797395
2017-09-21,0.09654954099398538
2017-09-22,0.09844887622665399
2017-09-25,0.06805951250395692
2017-09-26,0.08705286483064256
2017-09-27,0.09148464704020265
2017-09-28,0.11364355808800264
2017-09-29,0.11301044634377977
2017-10-02,0.10288065843621408
2017-10-03,0.1320037986704654
2017-10-04,0.1421335865780311
2017-10-05,0.1402342513453625
2017-10-06,0.1358024691358024
2017-10-09,0.17822095599873378
2017-10-10,0.18455207344096225
2017-10-11,0.14846470402025957
2017-10-12,0.15669515669515666
2017-10-13,0.13960113960113962
2017-10-16,0.159860715416271
2017-10-17,0.18138651471984812
2017-10-18,0.19151630262741381
2017-10-19,0.24026590693257366
2017-10-20,0.23076923076923084
2017-10-23,0.2219056663501109
2017-10-24,0.24343146565368778
2017-10-25,0.2396327951883508
2017-10-26,0.22886989553656223
2017-10-27,0.2117758784425452
2017-10-30,0.25039569484013935
2017-10-31,0.2744539411206077
2017-11-01,0.29408040519151624
2017-11-02,0.2909148464704021
2017-11-03,0.3105413105413106
2017-11-06,0.34599556821779043
2017-11-07,0.3681544792655904
2017-11-08,0.3858816081038303
2017-11-09,0.3504273504273505
2017-11-10,0.3561253561253561
2017-11-13,0.3922127255460588
2017-11-14,0.4118391896169673
2017-11-15,0.40297562519784735
2017-11-16,0.41880341880341887
2017-11-17,0.39981006647673323
2017-11-20,0.4453941120607787
2017-11-21,0.4498258942703388
2017-11-22,0.4580563469452359
2017-11-24,0.4276669832225388
2017-11-27,0.4384298828743274
2017-11-28,0.44919278252611594
2017-11-29,0.44286166508388725
2017-11-30,0.4732510288065843
2017-12-01,0.4631212408990186
2017-12-04,0.5017410572966128
2017-12-05,0.5074390629946186
2017-12-06,0.5390946502057614
2017-12-07,0.5264324153213042
2017-12-08,0.5409939854384298
2017-12-11,0.5365622032288699
2017-12-12,0.5295979740424186
2017-12-13,0.4973092750870529
2017-12-14,0.4852801519468186
2017-12-15,0.49224438113326996
2017-12-18,0.5245330800886356
2017-12-19,0.5384615384615385
2017-12-20,0.5688509021842356
2017-12-21,0.5580880025324471
2017-12-22,0.5878442545109213
2017-12-26,0.6182336182336183
2017-12-27,0.663184552073441
2017-12-28,0.6606521050965495
2017-12-29,0.6707818930041152
2018-01-02,0.7011712567268122
2018-01-03,0.6948401392845838
2018-01-04,0.7258626147515037
2018-01-05,0.6929408040519152
2018-01-08,0.6796454574232351
2018-01-09,0.6435580880025324
2018-01-10,0.6365938588160811
2018-01-11,0.6270971826527383
2018-01-12,0.592909148464704
2018-01-16,0.5625197847420069
2018-01-17,0.5675846786957899
2018-01-18,0.5182019626464072
2018-01-19,0.52769863880975
2018-01-22,0.5232668566001899
2018-01-23,0.4878125989237101
2018-01-24,0.41120607787274444
2018-01-25,0.38968027856916754
2018-01-26,0.35549224438113325
2018-01-29,0.33586578031022474
2018-01-30,0.31560620449509336
2018-01-31,0.34536245647356756
2018-02-01,0.3073757518201963
2018-02-02,0.28395061728395055
2018-02-05,0.40107628996517874
2018-02-06,0.645457423235201
2018-02-07,0.6809116809116809
2018-02-08,0.7233301677746122
2018-02-09,0.8537511870845205
2018-02-12,0.8816081038303261
2018-02-13,0.8689458689458689
2018-02-14,0.868312757201646
2018-02-15,0.8550174105729662
2018-02-16,0.8113327002215891
2018-02-20,0.7486546375435263
2018-02-21,0.7315606204495093
2018-02-22,0.7397910731244064
2018-02-23,0.6828110161443495
2018-02-26,0.5783475783475784
2018-02-27,0.4339981006647673
2018-02-28,0.3915796138018359
2018-03-01,0.32763532763532766
2018-03-02,0.2795188350743907
2018-03-05,0.2371003482114593
2018-03-06,0.19658119658119655
2018-03-07,0.019943019943019946
2018-03-08,-0.16429249762583098
2018-03-09,-0.27192149414371636
2018-03-12,-0.30357708135485917
2018-03-13,-0.3643558088002532
2018-03-14,-0.35549224438113325
2018-03-15,-0.32003798670465333
2018-03-16,-0.3073757518201963
2018-03-19,-0.19658119658119655
2018-03-20,-0.03703703703703709
2018-03-21,-0.0585628363406141
2018-03-22,-0.15479582146248816
2018-03-23,-0.1934156378600823
2018-03-26,-0.08262108262108259
2018-03-27,-0.21810699588477367
2018-03-28,-0.09275087052864828
2018-03-29,-0.09085153529597978
2018-04-02,-0.30990819879708764
2018-04-03,-0.3409306742640076
2018-04-04,-0.2966128521684077
2018-04-05,-0.3383982272871162
2018-04-06,-0.330167774612219
2018-04-09,-0.21874010762899654
2018-04-10,-0.2890155112377335
2018-04-11,-0.1775878442545109
2018-04-12,-0.09781576448243112
2018-04-13,-0.12440645773979109
2018-04-16,-0.16809116809116809
2018-04-17,-0.24849635960747074
2018-04-18,-0.20481164925609374
2018-04-19,-0.27445394112060784
2018-04-20,-0.24216524216524216
2018-04-23,-0.16239316239316237
2018-04-24,-0.17062361506805956
2018-04-25,-0.11997467553023111
2018-04-26,0.028806584362139898
2018-04-27,-0.07565685343463124
2018-04-30,-0.18645140867363086
2018-05-01,-0.021209243431465685
2018-05-02,-0.0883190883190883
2018-05-03,-0.03513770180436848
2018-05-04,0.1123773345995569
2018-05-07,0.10921177587844255
2018-05-08,-0.0060145615701171495
2018-05-09,-0.023741690408357052
2018-05-10,0.018676796454574207
2018-05-11,-0.014878125989237101
2018-05-14,-0.013611902500791362
2018-05-15,0.0009496676163343043
2018-05-16,0.11427666983222529
2018-05-17,0.12124089901867685
2018-05-18,0.1877176321620766
2018-05-21,0.2554605887939221
2018-05-22,0.17125672681228243
2018-05-23,0.09275087052864839
2018-05-24,0.05159860715416276
2018-05-25,0.06679328901551118
2018-05-29,0.14086736308958536
2018-05-30,0.21810699588477367
2018-05-31,0.06616017727128831
2018-06-01,0.09908198797087686
2018-06-04,0.05033238366571702
2018-06-05,-0.03830326052548272
2018-06-06,-0.019309908198797077
2018-06-07,0.04779993668882554
2018-06-08,0.028173472617917028
2018-06-11,0.03513770180436837
2018-06-12,0.07185818296929414
2018-06-13,0.06109528331750558
2018-06-14,0.1339031339031338
2018-06-15,0.04969927192149415
2018-06-18,0.08452041785375108
2018-06-19,0.13073757518201967
2018-06-20,0.1282051282051282
2018-06-21,0.12314023425134546
2018-06-22,0.19278252611585955
2018-06-25,0.16112693890471674
2018-06-26,0.1579613801836024
2018-06-27,0.15289648622981966
2018-06-28,0.1832858499525165
2018-06-29,0.23836657169990505
2018-07-02,0.2035454257676479
2018-07-03,0.19025007913896808
2018-07-05,0.20797720797720798
2018-07-06,0.2073440962329851
2018-07-09,0.1699905033238367
2018-07-10,0.22253877809433376
2018-07-11,0.14909781576448244
2018-07-12,0.22443811332700214
2018-07-13,0.23393478949034496
2018-07-16,0.24279835390946491
2018-07-17,0.31370686926242475
2018-07-18,0.2966128521684077
2018-07-19,0.2333016777461221
2018-07-20,0.24596391263057926
2018-07-23,0.2712883823994936
2018-07-24,0.2573599240265907
2018-07-25,0.28838239949351063
2018-07-26,0.20291231402342524
2018-07-27,0.18075340297562525
2018-07-30,0.22380500158277927
2018-07-31,0.2807850585628364
2018-08-01,0.3168724279835391
2018-08-02,0.33016777461221913
2018-08-03,0.3143399810066476
2018-08-06,0.3364988920544476
2018-08-07,0.30167774612219067
2018-08-08,0.21620766065210506
2018-08-09,0.24849635960747074
2018-08-10,0.20037986704653377
2018-08-13,0.10224754669199121
2018-08-14,0.12250712250712259
2018-08-15,0.14339981006647684
2018-08-16,0.15416270971826518
2018-08-17,0.12440645773979098
2018-08-20,0.1535295979740423
2018-08-21,0.1775878442545109
2018-08-22,0.1655587211142766
2018-08-23,0.13643558088002528
2018-08-24,0.23013611902500797
2018-08-27,0.286483064260842
2018-08-28,0.2510288065843622
2018-08-29,0.1737891737891737
2018-08-30,0.07818930041152261
2018-08-31,0.07945552389996835
2018-09-04,0.16682494460272235
2018-09-05,0.18265273820829386
2018-09-06,0.13327002215891115
2018-09-07,0.1718898385565053
2018-09-10,0.14529914529914523
2018-09-11,0.13516935739157954
2018-09-12,0.12757201646090532
2018-09-13,0.05792972459639123
2018-09-14,-0.006647673314340019
2018-09-17,-0.04020259575815133
2018-09-18,0.010446343779677125
2018-09-19,-0.03577081354859135
2018-09-20,-0.052231718898385515
2018-09-21,-0.09211775878442541
2018-09-24,-0.20227920227920226
2018-09-25,-0.2814181703070592
2018-09-26,-0.22253877809433364
2018-09-27,-0.24976258309591648
2018-09-28,-0.2769863880974992
2018-10-01,-0.31433998100664773
2018-10-02,-0.3706869262424818
2018-10-03,-0.3966445077556189
2018-10-04,-0.40867363089585307
2018-10-05,-0.34726179170623617
2018-10-08,-0.4143716365938588
2018-10-09,-0.39917695473251025
2018-10-10,-0.3542260208926875
2018-10-11,-0.3029439696106363
2018-10-12,-0.22380500158277938
2018-10-15,-0.22697056030389362
2018-10-16,-0.16745805634694522
2018-10-17,-0.26622348844571064
2018-10-18,-0.3402975625197847
2018-10-19,-0.37955049066160174
2018-10-22,-0.39157961380183604
2018-10-23,-0.418170307059196
2018-10-24,-0.39474517252295027
2018-10-25,-0.400443178220956
2018-10-26,-0.44729344729344733
2018-10-29,-0.4105729661285217
2018-10-30,-0.4023425134536246
2018-10-31,-0.3896802785691674
2018-11-01,-0.40930674264007594
2018-11-02,-0.4042418486862931
2018-11-05,-0.4339981006647673
2018-11-06,-0.4738841405508072
2018-11-07,-0.50553972776195
2018-11-08,-0.5954415954415955
2018-11-09,-0.5922760367204811
2018-11-12,-0.6163342830009497
2018-11-13,-0.584045584045584
2018-11-14,-0.5688509021842355
2018-11-15,-0.5213675213675213
2018-11-16,-0.5435264324153213
2018-11-19,-0.6093700538144983
2018-11-20,-0.6505223171889838
2018-11-21,-0.6663501107945553
2018-11-23,-0.7290281734726178
2018-11-26,-0.7486546375435265
2018-11-27,-0.7568850902184235
2018-11-28,-0.8195631528964862
2018-11-29,-0.8689458689458689
2018-11-30,-0.8790756568534346
2018-12-03,-0.8917378917378918
2018-12-04,-0.9018676796454574
2018-12-06,-0.9069325735992403
2018-12-07,-0.8879392212725546
2018-12-10,-0.8752769863880975
2018-12-11,-0.8366571699905033
2018-12-12,-0.811965811965812
2018-12-13,-0.8303260525482747
2018-12-14,-0.8474200696422919
2018-12-17,-0.8385565052231718
2018-12-18,-0.8271604938271605
2018-12-19,-0.7530864197530864
2018-12-20,-0.6840772396327952
2018-12-21,-0.5967078189300412
2018-12-24,-0.50997150997151
2018-12-26,-0.1142766698322254
2018-12-27,-0.21430832541943656
2018-12-28,-0.269389047166825
2018-12-31,-0.042735042735042694
2019-01-02,0.21684077239632793
2019-01-03,0.28774928774928776
2019-01-04,0.6251978474200697
2019-01-07,0.6176005064893955
2019-01-08,0.49857549857549865
2019-01-09,0.3542260208926875
2019-01-10,0.18518518518518512
2019-01-11,0.18645140867363086
2019-01-14,0.20861031972143085
2019-01-15,0.37701804368471037
2019-01-16,0.4840139284583729
2019-01-17,0.4314656536878758
2019-01-18,0.33333333333333326
2019-01-22,0.3282684393795505
2019-01-23,0.36372269705603033
2019-01-24,0.5087052864830643
2019-01-25,0.6220322886989553
2019-01-28,0.6207660652105096
2019-01-29,0.6739474517252295
2019-01-30,0.6992719214941436
2019-01-31,0.7138334916112694
2019-02-01,0.6403925292814181
2019-02-04,0.6815447926559037
2019-02-05,0.6163342830009497
2019-02-06,0.48084836973725853
2019-02-07,0.5473251028806585
2019-02-08,0.6106362773029439
2019-02-11,0.7119341563786008
2019-02-12,0.7163659385881609
2019-02-13,0.7005381449825894
2019-02-14,0.6644507755618867
2019-02-15,0.6625514403292181
2019-02-19,0.6834441278885723
2019-02-20,0.6840772396327952
2019-02-21,0.6346945235834125
2019-02-22,0.6581196581196582
2019-02-25,0.6682494460272239
2019-02-26,0.606204495093384
2019-02-27,0.6448243114909782
2019-02-28,0.5289648622981957
2019-03-01,0.5808800253244697
2019-03-04,0.5466919911364356
2019-03-05,0.5023741690408356
2019-03-06,0.5561886672997784
2019-03-07,0.6460905349794239
2019-03-08,0.6593858816081037
2019-03-11,0.6157011712567269
2019-03-12,0.6226654004431782
2019-03-13,0.5169357391579614
2019-03-14,0.46502057613168724
2019-03-15,0.44855967078189307
2019-03-18,0.46058879392212715
2019-03-19,0.3744855967078189
2019-03-20,0.28015194681861355
2019-03-21,0.2674897119341564
2019-03-22,0.2529281418170306
2019-03-25,0.37132003798670454
2019-03-26,0.4320987654320987
2019-03-27,0.4283000949667617
2019-03-28,0.39917695473251036
2019-03-29,0.43273187717632156
2019-04-01,0.48464704020259575
2019-04-02,0.39727761949984175
2019-04-03,0.3548591326369104
2019-04-04,0.3624564735675846
2019-04-05,0.3244697689142133
2019-04-08,0.19721430832541942
2019-04-09,0.06362773029439706
2019-04-10,-0.0009496676163343043
2019-04-11,-0.06426084203861981
2019-04-12,-0.14656536878759097
2019-04-15,-0.23646723646723644
2019-04-16,-0.3928458372902818
2019-04-17,-0.42893320671098445
2019-04-18,-0.4561570117125673
2019-04-22,-0.50110794555239
2019-04-23,-0.5409939854384298
2019-04-24,-0.5948084836973726
2019-04-25,-0.6346945235834125
2019-04-26,-0.6688825577714467
2019-04-29,-0.6866096866096867
2019-04-30,-0.7087685976574866
2019-05-01,-0.7923393478949035
2019-05-02,-0.7955049066160177
2019-05-03,-0.8170307059195948
2019-05-06,-0.8379233934789491
2019-05-07,-0.8626147515036404
2019-05-08,-0.820196264640709
2019-05-09,-0.789806900918012
2019-05-10,-0.7980373535929092
2019-05-13,-0.7746122190566636
2019-05-14,-0.7347261791706237
2019-05-15,-0.6448243114909782
2019-05-16,-0.7201646090534979
2019-05-17,-0.715732826843938
2019-05-20,-0.737258626147515
2019-05-21,-0.6138018360240582
2019-05-22,-0.645457423235201
2019-05-23,-0.6650838873061096
2019-05-24,-0.6498892054447609
2019-05-28,-0.654320987654321
2019-05-29,-0.6695156695156695
2019-05-30,-0.6479898702120924
2019-05-31,-0.5979740424184868
2019-06-03,-0.5631528964862298
2019-06-04,-0.544792655903767
2019-06-05,-0.44919278252611583
2019-06-06,-0.4694523583412472
2019-06-07,-0.4479265590376702
2019-06-10,-0.41943653054764163
2019-06-11,-0.4599556821779044
2019-06-12,-0.4954099398543843
2019-06-13,-0.5175688509021843
2019-06-14,-0.5283317505539729
2019-06-17,-0.5644191199746755
2019-06-18,-0.5701171256726812
2019-06-19,-0.5796138018360241
2019-06-20,-0.6397594175371953
2019-06-21,-0.671415004748338
2019-06-24,-0.6948401392845838
2019-06-25,-0.6942070275403609
2019-06-26,-0.7264957264957265
2019-06-27,-0.7239632795188351
2019-06-28,-0.7435897435897436
2019-07-01,-0.7132003798670465
2019-07-02,-0.7163659385881609
2019-07-03,-0.706869262424818
2019-07-05,-0.7581513137068693
2019-07-08,-0.7670148781259892
2019-07-09,-0.7708135485913263
2019-07-10,-0.7644824311490979
2019-07-11,-0.7511870845204178
2019-07-12,-0.7866413421968977
2019-07-15,-0.7828426717315606
2019-07-16,-0.7663817663817664
2019-07-17,-0.768281101614435
2019-07-18,-0.7803102247546692
2019-07-19,-0.7860082304526749
2019-07-22,-0.803102247546692
2019-07-23,-0.807534029756252
2019-07-24,-0.8088002532446976
2019-07-25,-0.8246280468502691
2019-07-26,-0.8505856283634061
2019-07-29,-0.855650522317189
2019-07-30,-0.8315922760367205
2019-07-31,-0.8562836340614118
2019-08-01,-0.8543842988287433
2019-08-02,-0.8151313706869262
2019-08-05,-0.8094333649889205
2019-08-06,-0.754985754985755
2019-08-07,-0.6441911997467553
2019-08-08,-0.6043051598607154
2019-08-09,-0.5511237733459955
2019-08-12,-0.5542893320671098
2019-08-13,-0.44476100031655585
2019-08-14,-0.41310541310541316
2019-08-15,-0.34599556821779043
2019-08-16,-0.3225704336815448
2019-08-19,-0.3263691041468819
2019-08-20,-0.35169357391579614
2019-08-21,-0.42703387147831595
2019-08-22,-0.3187717632162077
2019-08-23,-0.32573599240265905
2019-08-26,-0.20037986704653377
2019-08-27,0.009813232035454256
2019-08-28,-0.009813232035454256
2019-08-29,-0.04716682494460267
2019-08-30,-0.06552706552706555
2019-09-03,-0.011712567268122864
2019-09-04,-0.15099715099715094
2019-09-05,-0.2548274770496993
2019-09-06,-0.3428300094966762
2019-09-09,-0.4675530231085787
2019-09-10,-0.49414371636593857
2019-09-11,-0.5042735042735043
2019-09-12,-0.6157011712567269
2019-09-13,-0.6828110161443495
2019-09-16,-0.7271288382399493
2019-09-17,-0.6929408040519152
2019-09-18,-0.7226970560303894
2019-09-19,-0.7113010446343779
2019-09-20,-0.7081354859132637
2019-09-23,-0.6910414688192466
2019-09-24,-0.6961063627730295
2019-09-25,-0.6847103513770181
2019-09-26,-0.6777461221905666
2019-09-27,-0.6517885406774295
2019-09-30,-0.6315289648622981
2019-10-01,-0.5821462488129154
2019-10-02,-0.4840139284583729
2019-10-03,-0.3865147198480532
2019-10-04,-0.2212725546058879
2019-10-07,-0.2712883823994935
2019-10-08,-0.2687559354226021
2019-10-09,-0.20417853751187087
2019-10-10,-0.04526748971193417
2019-10-11,-0.03767014878125985
2019-10-14,-0.185818296929408
2019-10-15,-0.23393478949034507
2019-10-16,-0.25862614751503643
2019-10-17,-0.3168724279835391
2019-10-18,-0.3561253561253561
2019-10-21,-0.3447293447293447
2019-10-22,-0.4099398543842988
2019-10-23,-0.4156378600823045
2019-10-24,-0.3599240265906932
2019-10-25,-0.36372269705603044
2019-10-28,-0.3586578031022476
2019-10-29,-0.47831592276036716
2019-10-30,-0.46502057613168724
2019-10-31,-0.5346628679962013
2019-11-01,-0.5783475783475783
2019-11-04,-0.6296296296296297
2019-11-05,-0.619499841722064
2019-11-06,-0.6403925292814181
2019-11-07,-0.6897752453308008
2019-11-08,-0.6555872111427667
2019-11-11,-0.6606521050965495
2019-11-12,-0.6435580880025324
2019-11-13,-0.6429249762583096
2019-11-14,-0.6207660652105096
2019-11-15,-0.6024058246280468
2019-11-18,-0.5960747071858183
2019-11-19,-0.5777144666033556
2019-11-20,-0.5416270971826527
2019-11-21,-0.49667616334283005
2019-11-22,-0.4935106046217157
2019-11-25,-0.4757834757834758
2019-11-26,-0.43842988287432727
2019-11-27,-0.4358974358974359
2019-11-29,-0.45489078822412155
2019-12-02,-0.41120607787274455
2019-12-03,-0.30610952833175054
2019-12-04,-0.29028173472617913
2019-12-05,-0.24279835390946503
2019-12-06,-0.25039569484013924
2019-12-09,-0.09148464704020265
2019-12-10,-0.030705919594808506
2019-12-11,0.06299461855017419
2019-12-12,0.1478315922760367
2019-12-13,0.2098765432098766
2019-12-16,0.15163026274137392
2019-12-17,0.2630579297245963
2019-12-18,0.36308958531180746
2019-12-19,0.4301994301994303
2019-12-20,0.41753719531497313
2019-12-23,0.45109211775878433
2019-12-24,0.466286799620133
2019-12-26,0.5080721747388415
2019-12-27,0.5593542260208928
2019-12-30,0.44476100031655585
2019-12-31,0.4979423868312758
2020-01-02,0.3719531497309274
2020-01-03,0.24786324786324787
2020-01-06,0.22633744855967075
2020-01-07,0.2947135169357391
2020-01-08,0.43083254194365295
2020-01-09,0.38144982589427023
2020-01-10,0.34979423868312765
2020-01-13,0.418170307059196
2020-01-14,0.4257676479898702
2020-01-15,0.4042418486862931
2020-01-16,0.4207027540360875
2020-01-17,0.440329218106996
2020-01-21,0.5049066160177271
2020-01-22,0.5213675213675213
2020-01-23,0.5523899968344412
2020-01-24,0.566951566951567
2020-01-27,0.5479582146248814
2020-01-28,0.6036720481164926
2020-01-29,0.43463121240899016
2020-01-30,0.2928141817030705
2020-01-31,0.1978474200696423
2020-02-03,0.15922760367204813
2020-02-04,0.2174738841405508
2020-02-05,-0.012345679012345734
2020-02-06,-0.25609370053814495
2020-02-07,-0.48274770496992714
2020-02-10,-0.5270655270655271
2020-02-11,-0.5903767014878125
2020-02-12,-0.7613168724279835
2020-02-13,-0.8436213991769548
2020-02-14,-0.9075656853434632
2020-02-18,-0.9354226020892688
2020-02-19,-0.9550490661601773
2020-02-20,-0.9639126305792972
2020-02-21,-0.9689775245330801
2020-02-24,-0.9854384298828743
2020-02-25,-0.9759417537195315
2020-02-26,-0.965178854067743
2020-02-27,-0.9556821779044001
2020-02-28,-0.9569484013928459
2020-03-02,-0.9531497309275087
2020-03-03,-0.9119974675530231
2020-03-04,-0.8809749920861032
2020-03-05,-0.8841405508072174
2020-03-06,-0.9056663501107945
2020-03-09,-0.9240265906932573
2020-03-10,-0.9233934789490346
2020-03-11,-0.8531180753402976
2020-03-12,-0.8664134219689775
2020-03-13,0.10667932890155107
2020-03-16,0.9290914846470402
2020-03-17,0.9683444127888572
2020-03-18,0.9797404241848686
2020-03-19,0.9892371003482114
2020-03-20,0.99113643558088
2020-03-23,0.9924026590693258
2020-03-24,0.9974675530231085
2020-03-25,0.9993668882557771
2020-03-26,1.0
2020-03-27,0.9981006647673314
2020-03-30,0.9987337765115543
2020-03-31,0.9968344412788857
2020-04-01,0.9955682177904399
2020-04-02,0.9962013295346628
2020-04-03,0.9936688825577715
2020-04-06,0.9949351060462173
2020-04-07,0.9930357708135487
2020-04-08,0.9943019943019944
2020-04-09,0.9917695473251029
2020-04-13,0.9905033238366572
2020-04-14,0.9898702120924343
2020-04-15,0.9886039886039886
2020-04-16,0.9879708768597657
2020-04-17,0.9822728711617601
2020-04-20,0.9778410889522
2020-04-21,0.9708768597657487
2020-04-22,0.9791073124406457
2020-04-23,0.9734093067426401
2020-04-24,0.9721430832541944
2020-04-27,0.9753086419753085
2020-04-28,0.9727761949984173
2020-04-29,0.9759417537195314
2020-04-30,0.9696106362773029
2020-05-01,0.9702437480215258
2020-05-04,0.974042418486863
2020-05-05,0.9765748654637543
2020-05-06,0.9746755302310859
2020-05-07,0.9772079772079771
2020-05-08,0.9841722063944287
2020-05-11,0.9816397594175372
2020-05-12,0.9848053181386516
2020-05-13,0.9860715416270971
2020-05-14,0.98670465337132
2020-05-15,0.9873377651155428
2020-05-18,0.9854384298828742
2020-05-19,0.9835390946502058
2020-05-20,0.982905982905983
2020-05-21,0.9810066476733144
2020-05-22,0.9803735359290915
2020-05-26,0.9784742006964229
2020-05-27,0.9715099715099715
2020-05-28,0.9689775245330801
2020-05-29,0.9677113010446343
2020-06-01,0.9670781893004115
2020-06-02,0.9664450775561886
2020-06-03,0.9658119658119657
2020-06-04,0.9613801836024058
2020-06-05,0.9569484013928458
2020-06-08,0.9392212725546059
2020-06-09,0.8366571699905032
2020-06-10,0.6498892054447609
2020-06-11,0.8334916112693891
2020-06-12,0.9246597024374803
2020-06-15,0.9379550490661601
2020-06-16,0.9176954732510287
2020-06-17,0.8708452041785375
2020-06-18,0.8088002532446976
2020-06-19,0.9018676796454574
2020-06-22,0.9195948084836973
2020-06-23,0.9303577081354859
2020-06-24,0.8746438746438747
2020-06-25,0.9366888255777144
2020-06-26,0.929724596391263
2020-06-29,0.9480848369737258
2020-06-30,0.9550490661601774
2020-07-01,0.9430199430199431
2020-07-02,0.9335232668566003
2020-07-06,0.9360557138334915
2020-07-07,0.9404874960430516
2020-07-08,0.9271921494143716
2020-07-09,0.934789490345046
2020-07-10,0.9455523899968343
2020-07-13,0.9461855017410572
2020-07-14,0.9354226020892689
2020-07-15,0.9227603672048117
2020-07-16,0.8942703387147832
2020-07-17,0.8790756568534346
2020-07-20,0.912630579297246
2020-07-21,0.9252928141817032
2020-07-22,0.9208610319721431
2020-07-23,0.9100981323203545
2020-07-24,0.9107312440645774
2020-07-27,0.9138968027856917
2020-07-28,0.8822412155745489
2020-07-29,0.903767014878126
2020-07-30,0.8835074390629947
2020-07-31,0.9069325735992402
2020-08-03,0.9265590376701487
2020-08-04,0.8999683444127888
2020-08-05,0.9119974675530231
2020-08-06,0.8208293763849319
2020-08-07,0.820196264640709
2020-08-10,0.7385248496359607
2020-08-11,0.5922760367204811
2020-08-12,0.7575182019626463
2020-08-13,0.7936055713833492
2020-08-14,0.7442228553339665
2020-08-17,0.7271288382399494
2020-08-18,0.6669832225387782
2020-08-19,0.6663501107945553
2020-08-20,0.8056346945235835
2020-08-21,0.8037353592909149
2020-08-24,0.8050015827793606
2020-08-25,0.3605571383349162
2020-08-26,-0.054131054131054124
2020-08-27,-0.1997467553023109
2020-08-28,-0.5770813548591327
2020-08-31,-0.7796771130104463
2020-09-01,-0.7714466603355492
2020-09-02,-0.8607154162709718
2020-09-03,-0.9335232668566001
2020-09-04,-0.9411206077872745
2020-09-08,-0.877809433364989
2020-09-09,-0.9259259259259259
2020-09-10,-0.8113327002215891
2020-09-11,-0.9373219373219374
2020-09-14,-0.9575815131370687
2020-09-15,-0.9677113010446343
2020-09-16,-0.9829059829059829
2020-09-17,-0.9746755302310858
2020-09-18,-0.9905033238366572
2020-09-21,-0.9588477366255144
2020-09-22,-0.9670781893004116
2020-09-23,-0.9461855017410573
2020-09-24,-0.9107312440645774
2020-09-25,-0.7841088952200064
2020-09-28,-0.7391579613801835
2020-09-29,-0.8012029123140234
2020-09-30,-0.7094017094017093
2020-10-01,-0.6720481164925609
2020-10-02,-0.8062678062678063
2020-10-05,-0.7891737891737891
2020-10-06,-0.8163975941753719
2020-10-07,-0.772712883823995
2020-10-08,-0.8398227287116176
2020-10-09,-0.8746438746438746
2020-10-12,-0.7739791073124407
2020-10-13,-0.7967711301044634
2020-10-14,-0.7283950617283951
2020-10-15,-0.6967394745172524
2020-10-16,-0.5137701804368471
2020-10-19,-0.3985438429882874
2020-10-20,0.1003482114593226
2020-10-21,0.053497942386831365
2020-10-22,-0.142133586578031
2020-10-23,-0.1560620449509338
2020-10-26,-0.4301994301994302
2020-10-27,-0.05919594808483697
2020-10-28,0.031972143083254245
2020-10-29,0.7651155428933207
2020-10-30,0.9050332383665718
2020-11-02,0.8594491927825261
2020-11-03,0.9132636910414689
2020-11-04,0.8075340297562519
2020-11-05,0.6783792339347894
2020-11-06,0.10351377018043695
2020-11-09,0.021842355175688555
2020-11-10,0.22570433681544788
2020-11-11,-0.19214941437163657
2020-11-12,-0.2636910414688193
2020-11-13,0.030072807850585637
2020-11-16,-0.3048433048433048
2020-11-17,-0.2453308008863564
2020-11-18,-0.20607787274453937
2020-11-19,-0.010446343779677125
2020-11-20,0.15036403925292818
2020-11-23,0.16745805634694522
2020-11-24,0.15732826843937953
2020-11-25,0.007280785058562778
2020-11-27,-0.334599556821779
2020-11-30,-0.35929091484647036
2020-12-01,0.09021842355175691
2020-12-02,0.09781576448243112
2020-12-03,-0.01677746122190571
2020-12-04,-0.018676796454574207
2020-12-07,-0.24596391263057926
2020-12-08,-0.4238683127572016
2020-12-09,-0.4080405191516303
2020-12-10,-0.2776194998417221
2020-12-11,-0.05982905982905984
2020-12-14,-0.05159860715416276
2020-12-15,0.06426084203861993
2020-12-16,-0.3624564735675847
2020-12-17,-0.2852168407723963
2020-12-18,-0.3884140550807218
2020-12-21,-0.34916112693890466
2020-12-22,-0.20101297879075652
2020-12-23,-0.313073757518202
2020-12-24,-0.40740740740740744
2020-12-28,-0.30421019309908204
2020-12-29,-0.2592592592592593
2020-12-30,-0.3421968977524533
2020-12-31,-0.46881924659702434
2021-01-04,-0.6327951883507439
2021-01-05,-0.5739157961380184
2021-01-06,-0.6251978474200697
2021-01-07,-0.7233301677746122
2021-01-08,-0.6923076923076923
2021-01-11,-0.7277619499841722
2021-01-12,-0.457423235201013
2021-01-13,-0.5378284267173157
2021-01-14,-0.6011396011396011
2021-01-15,-0.6999050332383665
2021-01-19,-0.5789806900918012
2021-01-20,-0.5201012978790757
2021-01-21,-0.5220006331117442
2021-01-22,-0.5156695156695157
2021-01-25,-0.44286166508388736
2021-01-26,-0.0015827793605571738
2021-01-27,-0.2826843937955049
2021-01-28,0.006647673314339908
2021-01-29,0.2130421019309907
2021-02-01,0.1756885090218423
2021-02-02,0.247230136119025
2021-02-03,-0.5504906616017727
2021-02-04,-0.5650522317188984
2021-02-05,-0.5371953149730928
2021-02-08,-0.4719848053181387
2021-02-09,-0.6612852168407723
2021-02-10,-0.776511554289332
2021-02-11,-0.7404241848686293
2021-02-12,-0.7182652738208294
2021-02-16,-0.7321937321937322
2021-02-17,-0.6916745805634694
2021-02-18,-0.5986071541627097
2021-02-19,-0.48781259892371
2021-02-22,-0.26179170623615067
2021-02-23,-0.13706869262424815
2021-02-24,0.09401709401709413
2021-02-25,-0.2054447610003166
2021-02-26,-0.31180753402975625
2021-03-01,-0.024374802152579922
2021-03-02,-0.2833175055397278
2021-03-03,-0.4555238999683444
2021-03-04,0.13137068692624254
2021-03-05,0.4897119341563787
2021-03-08,0.6847103513770181
2021-03-09,0.6961063627730295
2021-03-10,0.7720797720797721
2021-03-11,0.6074707185818298
2021-03-12,0.5694840139284583
2021-03-15,0.46438746438746437
2021-03-16,0.22823678379233936
2021-03-17,0.575815131370687
2021-03-18,0.6479898702120925
2021-03-19,0.8702120924343146
2021-03-22,0.9221272554605888
2021-03-23,0.9341563786008231
2021-03-24,0.9512503956948402
2021-03-25,0.960747071858183
2021-03-26,0.9639126305792973
2021-03-29,0.9537828426717316
2021-03-30,0.9531497309275088
2021-03-31,0.9620132953466287
2021-04-01,0.9544159544159545
2021-04-05,0.9499841722063944
2021-04-06,0.9442861665083888
2021-04-07,0.9468186134852801
2021-04-08,0.9398543842988287
2021-04-09,0.9436530547641659
2021-04-12,0.9525166191832859
2021-04-13,0.9493510604621715
2021-04-14,0.9233934789490346
2021-04-15,0.9113643558088003
2021-04-16,0.7062361506805952
2021-04-19,0.6587527698638809
2021-04-20,0.1301044634377968
2021-04-21,0.11680911680911676
2021-04-22,-0.10984488762266542
2021-04-23,-0.10098132320354547
2021-04-26,0.24216524216524227
2021-04-27,0.2491294713516936
2021-04-28,0.3225704336815447
2021-04-29,0.12693890471668245
2021-04-30,0.031339031339031376
2021-05-03,0.05603038936372262
2021-05-04,-0.34156378600823045
2021-05-05,-0.2611585944919278
2021-05-06,-0.12503956948401396
2021-05-07,0.030705919594808506
2021-05-10,0.05919594808483697
2021-05-11,0.3111744222855335
2021-05-12,0.4916112693890471
2021-05-13,0.685343463121241
2021-05-14,0.8062678062678064
2021-05-17,0.7132003798670465
2021-05-18,0.6473567584678697
2021-05-19,0.7214308325419436
2021-05-20,0.6068376068376069
2021-05-21,0.5802469135802468
2021-05-24,0.6378600823045268
2021-05-25,0.5910098132320354
2021-05-26,0.5504906616017726
2021-05-27,0.5574548907882242
2021-05-28,0.649256093700538
2021-06-01,0.746755302310858
2021-06-02,0.7891737891737891
2021-06-03,0.6416587527698638
2021-06-04,0.671415004748338
2021-06-07,0.6353276353276354
2021-06-08,0.5422602089268755
2021-06-09,0.5359290914846471
2021-06-10,0.5340297562519785
2021-06-11,0.4599556821779045
2021-06-14,0.1934156378600822
2021-06-15,0.07692307692307687
2021-06-16,0.11934156378600824
2021-06-17,0.27192149414371647
2021-06-18,0.4245014245014245
2021-06-21,0.5663184552073441
2021-06-22,0.6422918645140867
2021-06-23,0.615068059512504
2021-06-24,0.5815131370686926
2021-06-25,0.5960747071858183
2021-06-28,0.6055713833491612
2021-06-29,0.6138018360240582
2021-06-30,0.6334283000949668
2021-07-01,0.6112693890471668
2021-07-02,0.6878759100981324
2021-07-06,0.6866096866096867
2021-07-07,0.7081354859132636
2021-07-08,0.7492877492877492
2021-07-09,0.7815764482431149
2021-07-12,0.7625830959164293
2021-07-13,0.7113010446343779
2021-07-14,0.5156695156695157
2021-07-15,0.5656853434631213
2021-07-16,0.5998733776511553
2021-07-19,0.7043368154479266
2021-07-20,0.7366255144032923
2021-07-21,0.6720481164925609
2021-07-22,0.5821462488129154
2021-07-23,0.618866729977841
2021-07-26,0.6296296296296295
2021-07-27,0.5099715099715099
2021-07-28,0.544792655903767
2021-07-29,0.4396961063627731
2021-07-30,0.48274770496992714
2021-08-02,0.5606204495093383
2021-08-03,0.5397277619499841
2021-08-04,0.5125039569484013
2021-08-05,0.6536878759100981
2021-08-06,0.531497309275087
2021-08-09,0.5346628679962013
2021-08-10,0.4213358657803101
2021-08-11,0.3846153846153846
2021-08-12,0.27825261158594494
2021-08-13,0.26369104146881917
2021-08-16,0.27572016460905346
2021-08-17,0.14656536878759097
2021-08-18,0.16049382716049387
2021-08-19,0.08072174738841409
2021-08-20,0.13770180436847101
2021-08-23,0.23266856600189945
2021-08-24,0.18898385565052234
2021-08-25,0.12060778727445398
2021-08-26,0.10857866413421968
2021-08-27,0.3029439696106362
2021-08-30,0.3390313390313391
2021-08-31,0.373852484963596
2021-09-01,0.2649572649572649
2021-09-02,0.30610952833175054
2021-09-03,0.25799303577081356
2021-09-07,0.23646723646723644
2021-09-08,0.312440645773979
2021-09-09,0.3149730927508705
2021-09-10,0.3687875910098133
2021-09-13,0.3371320037986705
2021-09-14,0.4004431782209561
2021-09-15,0.3042101930990819
2021-09-16,0.2611585944919279
2021-09-17,0.21367521367521358
2021-09-20,0.273187717632162
2021-09-21,0.32953466286799626
2021-09-22,0.308641975308642
2021-09-23,0.3206710984488763
2021-09-24,0.31750553972776197
2021-09-27,0.4460272238050016
2021-09-28,0.4814814814814814
2021-09-29,0.5238999683444128
2021-09-30,0.6081038303260526
2021-10-01,0.7290281734726178
2021-10-04,0.7454890788224122
2021-10-05,0.7499208610319721
2021-10-06,0.6758467869578981
2021-10-07,0.6517885406774295
2021-10-08,0.5403608736942069
2021-10-11,0.6030389363722697
2021-10-12,0.5834124723013612
2021-10-13,0.5549224438113327
2021-10-14,0.6144349477682811
2021-10-15,0.6011396011396011
2021-10-18,0.6245647356758468
2021-10-19,0.5333966445077556
2021-10-20,0.40740740740740744
2021-10-21,0.370053814498259
2021-10-22,0.42893320671098456
2021-10-25,0.2890155112377335
2021-10-26,0.2193732193732194
2021-10-27,0.2871161760050649
2021-10-28,0.4036087369420702
2021-10-29,0.4238683127572016
2021-11-01,0.4143716365938588
2021-11-02,0.36562203228869894
2021-11-03,0.4017094017094016
2021-11-04,0.42260208926875586
2021-11-05,0.41943653054764174
2021-11-08,0.3909465020576133
2021-11-09,0.4333649889205444
2021-11-10,0.3884140550807218
2021-11-11,0.382716049382716
2021-11-12,0.30357708135485906
2021-11-15,0.22697056030389362
2021-11-16,0.31813865147198483
2021-11-17,0.20417853751187076
2021-11-18,0.07375751820196275
2021-11-19,0.10161443494776834
2021-11-22,0.1522633744855968
2021-11-23,0.16872427983539096
2021-11-24,0.17442228553339656
2021-11-26,0.06552706552706544
2021-11-29,0.29597974042418485
2021-11-30,0.18708452041785373
2021-12-01,0.4061411839189617
2021-12-02,0.49034504590060135
2021-12-03,0.5764482431149098
2021-12-06,0.6467236467236468
2021-12-07,0.6657169990503324
2021-12-08,0.6891421335865779
2021-12-09,0.6555872111427667
2021-12-10,0.7429566318455207
2021-12-13,0.6872427983539096
2021-12-14,0.676479898702121
2021-12-15,0.6619183285849952
2021-12-16,0.680278569167458
2021-12-17,0.7150997150997151
2021-12-20,0.6777461221905667
2021-12-21,0.641025641025641
2021-12-22,0.570750237416904
2021-12-23,0.44729344729344733
2021-12-27,0.3662551440329218
2021-12-28,0.2535612535612535
2021-12-29,-0.0864197530864198
2021-12-30,-0.19088319088319083
2021-12-31,-0.31560620449509336
2022-01-03,-0.40487496043051596
2022-01-04,-0.396011396011396
2022-01-05,-0.4751503640392529
2022-01-06,-0.37132003798670465
2022-01-07,-0.34789490345045904
2022-01-10,-0.3485280151946819
2022-01-11,-0.3440962329851218
2022-01-12,-0.40107628996517886
2022-01-13,-0.48844571066793285
2022-01-14,-0.5302310857866414
2022-01-18,-0.4523583412472302
2022-01-19,-0.33333333333333337
2022-01-20,-0.36562203228869894
2022-01-21,-0.4631212408990186
2022-01-24,-0.39094650205761317
2022-01-25,-0.33396644507755624
2022-01-26,-0.3466286799620133
2022-01-27,-0.2396327951883508
2022-01-28,0.023741690408357163
2022-01-31,-0.23583412472301357
2022-02-01,-0.22507122507122512
2022-02-02,-0.36119025007913896
2022-02-03,-0.4377967711301045
2022-02-04,-0.46248812915479587
2022-02-07,-0.5036403925292814
2022-02-08,-0.5612535612535612
2022-02-09,-0.6239316239316239
2022-02-10,-0.676479898702121
2022-02-11,-0.6809116809116809
2022-02-14,-0.6796454574232351
2022-02-15,-0.6859765748654638
2022-02-16,-0.719531497309275
2022-02-17,-0.7340930674264008
2022-02-18,-0.7454890788224122
2022-02-22,-0.7594175371953149
2022-02-23,-0.780943336498892
2022-02-24,-0.7188983855650523
2022-02-25,-0.6992719214941436
2022-02-28,-0.7701804368471035
2022-03-01,-0.732826843937955
2022-03-02,-0.7385248496359608
2022-03-03,-0.7037037037037037
2022-03-04,-0.6232985121874011
2022-03-07,-0.5428933206710984
2022-03-08,-0.540360873694207
2022-03-09,-0.4852801519468186
2022-03-10,-0.45299145299145294
2022-03-11,-0.3827160493827161
2022-03-14,-0.2871161760050649
2022-03-15,-0.22570433681544788
2022-03-16,-0.22317188983855651
2022-03-17,-0.2807850585628363
2022-03-18,-0.41500474833808165
2022-03-21,-0.4257676479898702
2022-03-22,-0.4992086103197214
2022-03-23,-0.5802469135802469
2022-03-24,-0.6226654004431782
2022-03-25,-0.6264640709085154
2022-03-28,-0.7309275087052864
2022-03-29,-0.7822095599873378
2022-03-30,-0.8252611585944919
2022-03-31,-0.8594491927825261
2022-04-01,-0.851218740107629
2022-04-04,-0.8708452041785375
2022-04-05,-0.8771763216207661
2022-04-06,-0.8923710034821146
2022-04-07,-0.8955365622032289
2022-04-08,-0.8942703387147831
2022-04-11,-0.9138968027856916
2022-04-12,-0.9303577081354859
2022-04-13,-0.9449192782526116
2022-04-14,-0.9512503956948402
2022-04-18,-0.9442861665083887
2022-04-19,-0.9006014561570117
2022-04-20,-0.9031339031339032
2022-04-21,-0.9271921494143717
2022-04-22,-0.9284583729028173
2022-04-25,-0.9012345679012346
2022-04-26,-0.8873061095283318
2022-04-27,-0.8866729977841089
2022-04-28,-0.8727445394112061
2022-04-29,-0.8524849635960747
2022-05-02,-0.8695789806900918
2022-05-03,-0.8461538461538461
2022-05-04,-0.8410889522000633
2022-05-05,-0.8854067742956632
2022-05-06,-0.9176954732510288
2022-05-09,-0.8911047799936689
2022-05-10,-0.8759100981323203
2022-05-11,-0.8208293763849319
2022-05-12,-0.8391896169673947
2022-05-13,-0.8328584995251662
2022-05-16,-0.8961696739474517
2022-05-17,-0.9202279202279202
2022-05-18,-0.947451725229503
2022-05-19,-0.9436530547641658
2022-05-20,-0.9360557138334916
2022-05-23,-0.9506172839506173
2022-05-24,-0.9683444127888572
2022-05-25,-0.9708768597657487
2022-05-26,-0.9727761949984173
2022-05-27,-0.9784742006964229
2022-05-31,-0.9841722063944286
2022-06-01,-0.99556821779044
2022-06-02,-0.9949351060462172
2022-06-03,-0.9974675530231086
2022-06-06,-0.9936688825577714
2022-06-07,-0.9943019943019943
2022-06-08,-0.9987337765115543
2022-06-09,-0.9993668882557771
2022-06-10,-0.9981006647673314
2022-06-13,-0.9898702120924343
2022-06-14,-0.9835390946502057
2022-06-15,-0.9658119658119658
2022-06-16,-0.9632795188350743
2022-06-17,-0.9455523899968344
2022-06-21,-0.8968027856916746
2022-06-22,-0.9132636910414689
2022-06-23,-0.9094650205761317
2022-06-24,-0.8898385565052231
2022-06-27,-0.9208610319721431
2022-06-28,-0.9322570433681545
2022-06-29,-0.9113643558088003
2022-06-30,-0.8100664767331434
2022-07-01,-0.6872427983539094
2022-07-05,-0.6973725862614751
2022-07-06,-0.6169673947451726
2022-07-07,-0.3529597974042419
2022-07-08,-0.36308958531180757
2022-07-11,-0.38524849635960745
2022-07-12,-0.36752136752136755
2022-07-13,-0.10667932890155107
2022-07-14,0.05666350110794549
2022-07-15,-0.1041468819246597
2022-07-18,-0.08072174738841409
2022-07-19,0.23583412472301357
2022-07-20,0.20607787274453937
2022-07-21,-0.15226337448559668
2022-07-22,-0.12060778727445398
2022-07-25,-0.09591642924976262
2022-07-26,-0.13516935739157965
2022-07-27,-0.3820829376384932
2022-07-28,-0.38714783159227606
2022-07-29,-0.6593858816081039
2022-08-01,-0.7847420069642292
2022-08-02,-0.8569167458056347
2022-08-03,-0.842355175688509
2022-08-04,-0.8550174105729661
2022-08-05,-0.8974358974358975
2022-08-08,-0.868312757201646
2022-08-09,-0.9183285849952516
2022-08-10,-0.9088319088319088
2022-08-11,-0.9487179487179487
2022-08-12,-0.951883507439063
2022-08-15,-0.9696106362773029
2022-08-16,-0.9816397594175372
2022-08-17,-0.9873377651155429
2022-08-18,-0.9917695473251029
2022-08-19,-0.9810066476733144
2022-08-22,-0.9962013295346629
2022-08-23,-0.9879708768597657
2022-08-24,-0.9867046533713201
2022-08-25,-0.9721430832541944
2022-08-26,-0.9930357708135485
2022-08-29,-0.9860715416270972
2022-08-30,-0.9525166191832859
2022-08-31,-0.9430199430199431
2022-09-01,-0.9468186134852802
2022-09-02,-0.9392212725546059
2022-09-06,-0.7600506489395378
2022-09-07,-0.7207977207977208
2022-09-08,-0.7815764482431149
2022-09-09,-0.8448876226654004
2022-09-12,-0.8721114276669832
2022-09-13,-0.9499841722063944
2022-09-14,-0.9620132953466287
2022-09-15,-0.9544159544159544
2022-09-16,-0.9582146248812915
2022-09-19,-0.9423868312757202
2022-09-20,-0.9594808483697372
2022-09-21,-0.9537828426717315
2022-09-22,-0.9290914846470402
2022-09-23,-0.8239949351060463
2022-09-26,-0.7562519784742007
2022-09-27,-0.26432415321304215
2022-09-28,0.6859765748654638
2022-09-29,0.5378284267173157
2022-09-30,0.39537828426717314
2022-10-03,0.8569167458056346
2022-10-04,0.9145299145299146
2022-10-05,0.1997467553023109
2022-10-06,-0.4973092750870529
2022-10-07,-0.25989237100348217
2022-10-10,0.1953149730927508
2022-10-11,0.2814181703070593
2022-10-12,0.09718265273820825
2022-10-13,0.3782842671731561
2022-10-14,0.25229503007280796
2022-10-17,0.5517568850902184
2022-10-18,0.7075023741690409
2022-10-19,0.6302627413738524
2022-10-20,0.6562203228869896
2022-10-21,0.7879075656853434
2022-10-24,0.7087685976574865
2022-10-25,0.16239316239316248
2022-10-26,-0.14150047483380812
2022-10-27,-0.44666033554922446
2022-10-28,-0.37701804368471037
2022-10-31,-0.5384615384615384
2022-11-01,-0.7651155428933207
2022-11-02,-0.8486862931307375
2022-11-03,-0.7556188667299778
2022-11-04,-0.2295030072807851
2022-11-07,-0.5682177904400126
2022-11-08,-0.7018043684710351
2022-11-09,-0.7334599556821779
2022-11-10,-0.3922127255460589
2022-11-11,-0.6562203228869896
2022-11-14,-0.9252928141817031
2022-11-15,-0.9480848369737258
2022-11-16,-0.9493510604621715
2022-11-17,-0.9398543842988287
2022-11-18,-0.960747071858183
2022-11-21,-0.9664450775561887
2022-11-22,-0.9715099715099715
2022-11-23,-0.9740424184868629
2022-11-25,-0.9924026590693258
2022-11-28,-0.9848053181386515
2022-11-29,-0.9753086419753086
2022-11-30,-0.9702437480215258
2022-12-01,-0.9892371003482114
2022-12-02,-0.9968344412788858
2022-12-05,-0.99113643558088
2022-12-06,-0.9791073124406457
2022-12-07,-0.97340930674264
2022-12-08,-0.9797404241848686
2022-12-09,-0.9803735359290915
2022-12-12,-0.9778410889522
2022-12-13,-0.9772079772079773
2022-12-14,-0.9822728711617601
2022-12-15,-0.9886039886039886
2022-12-16,-0.9765748654637544
2022-12-19,-0.9601139601139601
2022-12-20,-0.9613801836024058
2022-12-21,-0.9626464070908516
2022-12-22,-0.9645457423235201
2022-12-23,-0.956315289648623
2022-12-27,-0.9246597024374802
2022-12-28,-0.9265590376701488
2022-12-29,-0.8987021209243431
2022-12-30,-0.8657803102247547
2023-01-03,-0.8885723330167774
2023-01-04,-0.8429882874327319
2023-01-05,-0.8018360240582463
2023-01-06,-0.6701487812598923
2023-01-09,-0.6707818930041152
2023-01-10,-0.7720797720797721
2023-01-11,-0.7448559670781894
2023-01-12,-0.8227287116176005
2023-01-13,-0.7974042418486863
2023-01-17,-0.8619816397594176
2023-01-18,-0.8360240582462805
2023-01-19,-0.8037353592909149
2023-01-20,-0.7657486546375435
2023-01-23,-0.8220955998733777
2023-01-24,-0.8613485280151947
2023-01-25,-0.903767014878126
2023-01-26,-0.873377651155429
2023-01-27,-0.8930041152263375
2023-01-30,-0.9278252611585945
2023-01-31,-0.938588160810383
2023-02-01,-0.9309908198797088
2023-02-02,-0.929724596391263
2023-02-03,-0.9417537195314973
2023-02-06,-0.9316239316239316
2023-02-07,-0.9050332383665717
2023-02-08,-0.934156378600823
2023-02-09,-0.9404874960430516
2023-02-10,-0.9221272554605888
2023-02-13,-0.8651471984805318
2023-02-14,-0.8765432098765432
2023-02-15,-0.8588160810383032
2023-02-16,-0.8493194048749604
2023-02-17,-0.8265273820829376
2023-02-21,-0.7834757834757835
2023-02-22,-0.7872744539411206
2023-02-23,-0.698005698005698
2023-02-24,-0.6739474517252295
2023-02-27,-0.6790123456790124
2023-02-28,-0.6100031655587211
2023-03-01,-0.4453941120607787
2023-03-02,-0.3067426400759734
2023-03-03,-0.4162709718265274
2023-03-06,-0.44096232985121875
2023-03-07,-0.41753719531497313
2023-03-08,-0.028173472617917028
2023-03-09,0.08641975308641969
2023-03-10,-0.07122507122507127
2023-03-13,0.3763849319404875
2023-03-14,0.7182652738208293
2023-03-15,0.8227287116176005
2023-03-16,0.4954099398543843
2023-03-17,0.7663817663817665
2023-03-20,0.8277936055713833
2023-03-21,0.9088319088319088
2023-03-22,0.7524533080088636
2023-03-23,0.8069009180120292
2023-03-24,0.8258942703387149
2023-03-27,0.8911047799936689
2023-03-28,0.7733459955682178
2023-03-29,0.6954732510288066
2023-03-30,0.7790440012662234
2023-03-31,0.5682177904400127
2023-04-03,0.3485280151946819
2023-04-04,0.02564102564102555
2023-04-05,-0.1877176321620766
2023-04-06,-0.25419436530547646
2023-04-10,-0.32953466286799615
2023-04-11,-0.5049066160177271
2023-04-12,-0.5663184552073441
2023-04-13,-0.5656853434631213
2023-04-14,-0.6074707185818298
2023-04-17,-0.7150997150997151
2023-04-18,-0.7144666033554923
2023-04-19,-0.6270971826527383
2023-04-20,-0.6726812282367838
2023-04-21,-0.689142133586578
2023-04-24,-0.5726495726495726
2023-04-25,-0.466286799620133
2023-04-26,-0.5720164609053497
2023-04-27,-0.45045900601456157
2023-04-28,-0.2567268122823678
2023-05-01,-0.5441595441595442
2023-05-02,-0.6245647356758468
2023-05-03,-0.4124723013611903
2023-05-04,-0.12567268122823683
2023-05-05,-0.24406457739791076
2023-05-08,-0.3270022158911048
2023-05-09,-0.24786324786324787
2023-05-10,-0.4422285533396645
2023-05-11,-0.30800886356441914
2023-05-12,-0.4245014245014245
2023-05-15,-0.3687875910098133
2023-05-16,-0.4542576764798987
2023-05-17,-0.2991452991452992
2023-05-18,-0.18075340297562514
2023-05-19,-0.2947135169357391
2023-05-22,-0.05033238366571702
2023-05-23,-0.352326685660019
2023-05-24,-0.04969927192149415
2023-05-25,-0.09654954099398538
2023-05-26,0.22063944286166515
2023-05-30,-0.33966445077556184
2023-05-31,-0.3846153846153846
2023-06-01,0.17632162076606517
2023-06-02,0.38778094333649893
2023-06-05,-0.04590060145615704
2023-06-06,-0.295346628679962
2023-06-07,0.3092750870528649
2023-06-08,0.30041152263374493
2023-06-09,-0.16935739157961383
2023-06-12,-0.4517252295030073
2023-06-13,-0.4732510288065843
2023-06-14,-0.5555555555555556
2023-06-15,-0.7467553023108578
2023-06-16,-0.8638809749920862
2023-06-20,-0.8847736625514403
2023-06-21,-0.890471668249446
2023-06-22,-0.9025007913896803
2023-06-23,-0.9081987970876859
2023-06-26,-0.9151630262741374
2023-06-27,-0.8803418803418803
2023-06-28,-0.8835074390629947
2023-06-29,-0.8417220639442862
2023-06-30,-0.7676479898702121
2023-07-03,-0.7499208610319721
2023-07-05,-0.8233618233618234
2023-07-06,-0.8455207344096233
2023-07-07,-0.750553972776195
2023-07-10,-0.7169990503323836
2023-07-11,-0.7480215257993036
2023-07-12,-0.7056030389363723
2023-07-13,-0.6733143399810066
2023-07-14,-0.741690408357075
2023-07-17,-0.7632162076606521
2023-07-18,-0.7784108895220007
2023-07-19,-0.8632478632478633
2023-07-20,-0.8784425451092117
2023-07-21,-0.8936372269705604
2023-07-24,-0.8702120924343146
2023-07-25,-0.8816081038303261
2023-07-26,-0.8980690091801203
2023-07-27,-0.9379550490661602
2023-07-28,-0.912630579297246
2023-07-31,-0.9044001266223488
2023-08-01,-0.9227603672048117
2023-08-02,-0.9195948084836973
2023-08-03,-0.8828743273187718
2023-08-04,-0.8176638176638177
2023-08-07,-0.8372902817347262
2023-08-08,-0.8404558404558404
2023-08-09,-0.7442228553339665
2023-08-10,-0.7106679328901551
2023-08-11,-0.7125672681228237
2023-08-14,-0.7043368154479266
2023-08-15,-0.6676163342830009
2023-08-16,-0.6359607470718582
2023-08-17,-0.47704969927192153
2023-08-18,-0.3504273504273504
2023-08-21,-0.1579613801836024
2023-08-22,-0.23076923076923073
2023-08-23,-0.12947135169357393
2023-08-24,-0.14339981006647673
2023-08-25,-0.18708452041785373
2023-08-28,-0.20861031972143085
2023-08-29,-0.27572016460905346
2023-08-30,-0.22063944286166504
2023-08-31,-0.3251028806584362
2023-09-01,-0.3839822728711617
2023-09-05,-0.5365622032288699
2023-09-06,-0.5745489078822412
2023-09-07,-0.5498575498575499
2023-09-08,-0.5150364039252928
2023-09-11,-0.5574548907882242
2023-09-12,-0.5321304210193099
2023-09-13,-0.49034504590060146
2023-09-14,-0.4365305476416588
2023-09-15,-0.4264007597340931
2023-09-18,-0.5460588793922128
2023-09-19,-0.5118708452041785
2023-09-20,-0.5340297562519785
2023-09-21,-0.5030072807850585
2023-09-22,-0.48464704020259575
2023-09-25,-0.40550807217473883
2023-09-26,-0.4916112693890472
2023-09-27,-0.47261791706236156
2023-09-28,-0.35359290914846475
2023-09-29,-0.3979107312440646
2023-10-02,-0.4118391896169674
2023-10-03,-0.28964862298195626
2023-10-04,-0.11174422285533392
2023-10-05,-0.02564102564102566
2023-10-06,0.17885406774295665
2023-10-09,0.4264007597340931
2023-10-10,0.4023425134536245
2023-10-11,0.3383982272871162
2023-10-12,0.15099715099715105
2023-10-13,0.2352010129787907
2023-10-16,0.16619183285849948
2023-10-17,-0.023108578664134183
2023-10-18,-0.13770180436847101
2023-10-19,-0.2371003482114593
2023-10-20,0.17062361506805956
2023-10-23,0.3941120607787274
2023-10-24,0.4086736308958532
2023-10-25,0.4479265590376702
2023-10-26,0.6524216524216524
2023-10-27,0.7847420069642292
2023-10-30,0.8898385565052231
2023-10-31,0.916429249762583
2023-11-01,0.9081987970876859
2023-11-02,0.8727445394112061
2023-11-03,0.7657486546375436
2023-11-06,0.6119025007913896
2023-11-07,0.4517252295030072
2023-11-08,0.5150364039252928
2023-11-09,0.5986071541627098
2023-11-10,0.6568534346312125
2023-11-13,0.610003165558721
2023-11-14,0.5903767014878125
2023-11-15,0.719531497309275
2023-11-16,0.6821779044001266
2023-11-17,0.7094017094017093
2023-11-20,0.6232985121874011
2023-11-21,0.5441595441595442
2023-11-22,0.32320354542576757
2023-11-24,0.38714783159227606
2023-11-27,0.2788857233301678
2023-11-28,0.2592592592592593
2023-11-29,0.2567268122823678
2023-11-30,0.3801836024058247
2023-12-01,0.2624248179803734
2023-12-04,0.2668566001899335
2023-12-05,0.2985121874010763
2023-12-06,0.4757834757834758
2023-12-07,0.5891104779993668
2023-12-08,0.5485913263691042
2023-12-11,0.5112377334599556
2023-12-12,0.553656220322887
2023-12-13,0.5201012978790756
2023-12-14,0.4358974358974359
2023-12-15,-0.17885406774295665
2023-12-18,-0.2136752136752137
2023-12-19,-0.17125672681228232
2023-12-20,-0.3010446343779677
2023-12-21,-0.43716365938588164
2023-12-22,-0.3782842671731561
2023-12-26,-0.47641658752769867
2023-12-27,-0.48084836973725864
2023-12-28,-0.549224438113327
2023-12-29,-0.48021525799303577
2024-01-02,-0.49097815764482433
2024-01-03,-0.4593225704336815
2024-01-04,-0.4859132636910415
2024-01-05,-0.4979423868312757
2024-01-08,-0.45109211775878444
2024-01-09,-0.3700538144982589
2024-01-10,-0.3808167141500475
2024-01-11,-0.251661918328585
2024-01-12,-0.17505539727761954
2024-01-16,-0.13263691041468817
2024-01-17,-0.23773345995568218
2024-01-18,-0.24469768914213363
2024-01-19,-0.01614434947768284
2024-01-22,-0.017410572966128468
2024-01-23,-0.3244697689142133
2024-01-24,-0.39537828426717314
2024-01-25,-0.37321937321937326
2024-01-26,-0.3681544792655904
2024-01-29,-0.47071858182969295
2024-01-30,-0.5087052864830642
2024-01-31,-0.5245330800886356
2024-02-01,-0.4434947768281101
2024-02-02,-0.4283000949667616
2024-02-05,-0.5207344096232985
2024-02-06,-0.46438746438746437
2024-02-07,-0.3941120607787274
2024-02-08,-0.28838239949351063
2024-02-09,-0.3149730927508705
2024-02-12,-0.2510288065843621
2024-02-13,-0.14529914529914534
2024-02-14,-0.042101930990819825
2024-02-15,0.12883823994935106
2024-02-16,0.0705919594808484
2024-02-20,0.052864830642608496
2024-02-21,0.01487812598923699
2024-02-22,0.054131054131054235
2024-02-23,-0.0047483380816714105
2024-02-26,-0.10288065843621397
2024-02-27,-0.03387147831592274
2024-02-28,-0.03450459006014561
2024-02-29,-0.04653371320037991
2024-03-01,0.01614434947768273
2024-03-04,0.1180753402975625
2024-03-05,-0.02754036087369416
2024-03-06,0.05982905982905984
2024-03-07,0.21874010762899654
2024-03-08,0.20481164925609363
2024-03-11,0.13263691041468828
2024-03-12,0.08895220006331117
2024-03-13,0.09338398227287126
2024-03-14,-0.009180120291231386
2024-03-15,-0.029439696106362767
2024-03-18,-0.08008863564419122
2024-03-19,0.012978790756568603
2024-03-20,-0.028806584362139898
2024-03-21,-0.1180753402975625
2024-03-22,-0.23266856600189934
2024-03-25,-0.23899968344412792
2024-03-26,-0.37765115542893324
2024-03-27,-0.39727761949984175
2024-03-28,-0.40677429566318457
2024-04-01,-0.5289648622981956
2024-04-02,-0.5859449192782527
2024-04-03,-0.5872111427666984
2024-04-04,-0.6119025007913896
2024-04-05,-0.6378600823045267
2024-04-08,-0.658752769863881
2024-04-09,-0.6878759100981323
2024-04-10,-0.7119341563786008
2024-04-11,-0.6486229819563153
2024-04-12,-0.5935422602089269
2024-04-15,-0.5352959797404242
2024-04-16,-0.4276669832225388
2024-04-17,-0.22443811332700225
2024-04-18,0.03767014878125985
2024-04-19,0.14150047483380823
2024-04-22,0.24659702437480213
2024-04-23,0.3213042101930992
2024-04-24,0.2972459639126306
2024-04-25,0.28964862298195637
2024-04-26,0.34789490345045904
2024-04-29,0.3447293447293447
2024-04-30,0.28205128205128216
2024-05-01,0.3611902500791391
2024-05-02,0.47451725229503006
2024-05-03,0.5220006331117442
2024-05-06,0.4162709718265274
2024-05-07,0.35295979740424177
2024-05-08,0.3820829376384931
2024-05-09,0.479582146248813
2024-05-10,0.3839822728711617
2024-05-13,0.3048433048433048
2024-05-14,0.2750870528648306
2024-05-15,0.182019626464071
2024-05-16,0.10984488762266542
2024-05-17,-0.01551123773345997
2024-05-20,0.12503956948401385
2024-05-21,0.21240899018676807
2024-05-22,0.2548274770496992
2024-05-23,0.29218106995884763
2024-05-24,0.4783159227603673
2024-05-28,0.5916429249762583
2024-05-29,0.6327951883507439
2024-05-30,0.6752136752136753
2024-05-31,0.6967394745172524
2024-06-03,0.6973725862614752
2024-06-04,0.7765115542893322
2024-06-05,0.786008230452675
2024-06-06,0.7872744539411205
2024-06-07,0.7556188667299779
2024-06-10,0.816397594175372
2024-06-11,0.8106995884773662
2024-06-12,0.8125989237100348
2024-06-13,0.8391896169673947
2024-06-14,0.7974042418486862
2024-06-17,0.7841088952200064
2024-06-18,0.8461538461538463
2024-06-20,0.811965811965812
2024-06-21,0.7967711301044635
2024-06-24,0.803102247546692
2024-06-25,0.834124723013612
2024-06-26,0.825261158594492
2024-06-27,0.8410889522000633
2024-06-28,0.8499525166191833
2024-07-01,0.8271604938271604
2024-07-02,0.8284267173156061
2024-07-03,0.8429882874327319
2024-07-05,0.7993035770813548
2024-07-08,0.7056030389363723
2024-07-09,0.6904083570750237
2024-07-10,0.637226970560304
2024-07-11,0.5650522317188984
2024-07-12,0.5644191199746755
2024-07-15,0.5131370686926242
2024-07-16,0.4738841405508072
2024-07-17,0.3966445077556189
2024-07-18,0.4124723013611902
2024-07-19,0.40550807217473883
2024-07-22,0.5118708452041785
2024-07-23,0.601772712883824
2024-07-24,0.6340614118391896
2024-07-25,0.6942070275403609
2024-07-26,0.7530864197530864
2024-07-29,0.754985754985755
2024-07-30,0.7689142133586577
2024-07-31,0.780943336498892
2024-08-01,0.7777777777777777
2024-08-02,0.7714466603355492
2024-08-05,0.8265273820829377
2024-08-06,0.8987021209243431
2024-08-07,0.9189616967394745
2024-08-08,0.9202279202279202
2024-08-09,0.9240265906932574
2024-08-12,0.9044001266223489
2024-08-13,0.8847736625514404
2024-08-14,0.8664134219689774
2024-08-15,0.842355175688509
2024-08-16,0.8195631528964862
2024-08-19,0.7670148781259893
2024-08-20,0.728395061728395
2024-08-21,0.7296612852168407
2024-08-22,0.7239632795188351
2024-08-23,0.7480215257993035
2024-08-26,0.7885406774295662
2024-08-27,0.7594175371953149
2024-08-28,0.7739791073124407
2024-08-29,0.7822095599873378
2024-08-30,0.7606837606837606
2024-09-03,0.7448559670781894
2024-09-04,0.8012029123140234
2024-09-05,0.7473884140550808
2024-09-06,0.7828426717315606
2024-09-09,0.8246280468502691
2024-09-10,0.8467869578980689
2024-09-11,0.856283634061412
2024-09-12,0.8607154162709718
2024-09-13,0.8588160810383032
2024-09-16,0.8505856283634061
2024-09-17,0.8575498575498575
2024-09-18,0.8638809749920862
2024-09-19,0.8721114276669832
2024-09-20,0.8854067742956633
2024-09-23,0.8657803102247548
2024-09-24,0.8524849635960747
2024-09-25,0.7632162076606521
2024-09-26,0.8024691358024691
2024-09-27,0.8189300411522633
2024-09-30,0.7784108895220005
2024-10-01,0.7701804368471035
2024-10-02,0.7942386831275721
2024-10-03,0.702437480215258
2024-10-04,0.6505223171889838
2024-10-07,0.632162076606521
2024-10-08,0.6131687242798354
2024-10-09,0.6885090218423551
2024-10-10,0.7037037037037037
2024-10-11,0.6986388097499208
2024-10-14,0.7404241848686293
2024-10-15,0.6650838873061096
2024-10-16,0.7018043684710351
2024-10-17,0.7353592909148465
2024-10-18,0.7100348211459322
2024-10-21,0.6511554289332067
2024-10-22,0.6701487812598923
2024-10-23,0.6999050332383665
2024-10-24,0.7302943969610636
2024-10-25,0.7201646090534979
2024-10-28,0.7391579613801835
2024-10-29,0.7340930674264008
2024-10-30,0.7049699271921495
2024-10-31,0.6612852168407723
2024-11-01,0.7644824311490979
2024-11-04,0.8094333649889205
2024-11-05,0.8448876226654005
2024-11-06,0.8543842988287433
2024-11-07,0.9006014561570117
2024-11-08,0.8740107628996518
2024-11-11,0.873377651155429
2024-11-12,0.8626147515036404
2024-11-13,0.8968027856916745
2024-11-14,0.8879392212725545
2024-11-15,0.8759100981323205
2024-11-18,0.9012345679012346
2024-11-19,0.8936372269705604
2024-11-20,0.8600823045267489
2024-11-21,0.8353909465020577
2024-11-22,0.8182969294080404
2024-11-25,0.7543526432415322
2024-11-26,0.7803102247546692
2024-11-27,0.7423235201012979
2024-11-29,0.7378917378917378
2024-12-02,0.6897752453308008
2024-12-03,0.6005064893953782
2024-12-04,0.6093700538144982
2024-12-05,0.6239316239316239
2024-12-06,0.6125356125356125
2024-12-09,0.5542893320671098
2024-12-10,0.5530231085786641
2024-12-11,0.5631528964862298
2024-12-12,0.4935106046217157
2024-12-13,0.4637543526432415
2024-12-16,0.39347894903450453
2024-12-17,0.38904716682494467
2024-12-18,0.3327002215891104
2024-12-19,0.6277302943969612
2024-12-20,0.6397594175371952
2024-12-23,0.6530547641658753
2024-12-24,0.6194998417220638
2024-12-26,0.5720164609053497
2024-12-27,0.37321937321937315
2024-12-30,0.42323520101297873
2024-12-31,0.5068059512503957
2025-01-02,0.5163026274137386
2025-01-03,0.5770813548591327
2025-01-06,0.51440329218107
2025-01-07,0.4434947768281101
2025-01-08,0.457423235201013
2025-01-10,0.48907882241215583
2025-01-13,0.5954415954415955
2025-01-14,0.6213991769547325
2025-01-15,0.6024058246280468
2025-01-16,0.5327635327635327
2025-01-17,0.48338081671415
2025-01-21,0.36498892054447607
2025-01-22,0.2833175055397277
2025-01-23,-0.0743906299461855
2025-01-24,-0.19468186134852805
2025-01-27,-0.15542893320671103
2025-01-28,-0.0408357075023742
2025-01-29,0.1041468819246596
2025-01-30,0.08135485913263696
2025-01-31,0.029439696106362767
2025-02-03,0.011712567268122864
2025-02-04,0.019309908198797077
2025-02-05,-0.07755618866729974
2025-02-06,-0.10731244064577394
2025-02-07,-0.15352959797404242
2025-02-10,-0.2795188350743907
2025-02-11,-0.3801836024058246
2025-02-12,-0.4814814814814815
2025-02-13,-0.4460272238050016
2025-02-14,-0.49224438113327007
2025-02-18,-0.5004748338081672
2025-02-19,-0.5169357391579614
2025-02-20,-0.5251661918328585
2025-02-21,-0.439696106362773
2025-02-24,-0.38334916112693895
2025-02-25,-0.28205128205128205
2025-02-26,-0.21620766065210506
2025-02-27,-0.2649572649572649
2025-02-28,-0.28774928774928776
2025-03-03,-0.3725862614751504
2025-03-04,-0.29154795821462487
2025-03-05,-0.28395061728395066
2025-03-06,-0.39347894903450464
2025-03-07,-0.32383665716999055
2025-03-10,-0.23836657169990505
2025-03-11,-0.2928141817030706
2025-03-12,-0.36498892054447607
2025-03-13,-0.4320987654320988
2025-03-14,-0.422602089268756
2025-03-17,-0.49287749287749283
2025-03-18,-0.5466919911364356
2025-03-19,-0.5587211142766698
2025-03-20,-0.6087369420702754
2025-03-21,-0.6460905349794239
2025-03-24,-0.6302627413738524
2025-03-25,-0.7030705919594809
2025-03-26,-0.7353592909148465
2025-03-27,-0.6986388097499209
2025-03-28,-0.7543526432415322
2025-03-31,-0.7752453308008864
2025-04-01,-0.7315606204495093
2025-04-02,-0.7423235201012979
2025-04-03,-0.798670465337132
2025-04-04,-0.7461221905666351
2025-04-07,-0.6511554289332067
2025-04-08,-0.38904716682494456
2025-04-09,0.30547641658752767
2025-04-10,-0.012978790756568492
2025-04-11,0.3580246913580247
2025-04-14,0.16935739157961383
2025-04-15,0.45679012345679015
2025-04-16,0.7309275087052864
2025-04-17,0.9278252611585944
2025-04-21,0.9309908198797088
2025-04-22,0.951883507439063
2025-04-23,0.9575815131370686
2025-04-24,0.9601139601139601
2025-04-25,0.9632795188350745
2025-04-28,0.9594808483697372
2025-04-29,0.9588477366255144
2025-04-30,0.9582146248812915
2025-05-01,0.9626464070908516
2025-05-02,0.9651788540677431
2025-05-05,0.9645457423235202
2025-05-06,0.9563152896486229
2025-05-07,0.938588160810383
2025-05-08,0.9316239316239316
2025-05-09,0.9328901551123774
2025-05-12,0.8303260525482747
2025-05-13,0.767647989870212
2025-05-14,0.5777144666033556
2025-05-15,0.6258309591642925
2025-05-16,0.5865780310224755
2025-05-19,0.5321304210193099
2025-05-20,0.3706869262424819
2025-05-21,0.21430832541943645
2025-05-22,0.356758467869579
2025-05-23,0.5207344096232984
2025-05-27,0.5948084836973726
2025-05-28,0.6733143399810066
2025-05-29,0.7106679328901551
2025-05-30,0.7169990503323838
2025-06-02,0.7923393478949035
2025-06-03,0.8081671415004748
2025-06-04,0.758784425451092
2025-06-05,0.7600506489395378
2025-06-06,0.763849319404875
2025-06-09,0.7568850902184237
2025-06-10,0.7695473251028806
2025-06-11,0.8315922760367205
2025-06-12,0.7511870845204178
2025-06-13,0.7834757834757835
2025-06-16,0.8239949351060463
2025-06-17,0.8309591642924976
2025-06-18,0.8676796454574232
2025-06-20,0.8885723330167774
2025-06-23,0.8961696739474516
2025-06-24,0.8651471984805319
2025-06-25,0.8632478632478633
2025-06-26,0.8436213991769548
2025-06-27,0.7853751187084521
2025-06-30,0.8005698005698005
2025-07-01,0.7948717948717949
2025-07-02,0.7461221905666351
2025-07-03,0.6638176638176638
2025-07-07,0.6726812282367838
2025-07-08,0.6549540993985439
2025-07-09,0.6916745805634694
2025-07-10,0.693573915796138
2025-07-11,0.7334599556821779
2025-07-14,0.5935422602089269
2025-07-15,0.5093383982272872
2025-07-16,0.789806900918012
2025-07-17,0.7758784425451093
2025-07-18,0.7866413421968979
2025-07-21,0.5941753719531497
2025-07-22,0.6980056980056981
2025-07-23,0.6201329534662867
2025-07-24,0.5612535612535612
2025-07-25,0.47641658752769867
2025-07-28,0.47071858182969284
2025-07-29,0.4694523583412473
2025-07-30,0.50553972776195
2025-07-31,0.4713516935739157
2025-08-01,0.5428933206710984
2025-08-04,0.5872111427666984
2025-08-05,0.5789806900918013
2025-08-06,0.5897435897435896
2025-08-07,0.6910414688192466
2025-08-08,0.7347261791706237
2025-08-11,0.7682811016144349
2025-08-12,0.6043051598607154
2025-08-13,0.6169673947451726
2025-08-14,0.5270655270655271
2025-08-15,0.5011079455523899
2025-08-18,0.5061728395061729
2025-08-19,0.5992402659069325
2025-08-20,0.5599873377651154
2025-08-21,0.5751820196264641
2025-08-22,0.5302310857866412
2025-08-25,0.5973409306742641
2025-08-26,0.49667616334283005
2025-08-27,0.4422285533396644
2025-08-28,0.3643558088002532
2025-08-29,0.45489078822412155
2025-09-02,0.34346312124089895
2025-09-03,0.3668882557771447
2025-09-04,0.23456790123456783
2025-09-05,0.19911364355808803
2025-09-08,0.10477999366888247
2025-09-09,-0.03640392529281422
2025-09-10,-0.10921177587844255
2025-09-11,-0.23203545425767647
2025-09-12,-0.2934472934472935
2025-09-15,-0.32763532763532766
2025-09-16,-0.37511870845204176
2025-09-17,-0.3580246913580247
2025-09-18,-0.4061411839189617
2025-09-19,-0.37575182019626463
2025-09-22,-0.356758467869579
2025-09-23,-0.2674897119341564
2025-09-24,-0.3763849319404875
2025-09-25,-0.308641975308642
2025-09-26,-0.3004115226337448
2025-09-29,-0.2529281418170307
2025-09-30,-0.3232035454257677
2025-10-01,-0.2985121874010763
2025-10-02,-0.38144982589427034
2025-10-03,-0.43906299461855014
2025-10-06,-0.4200696422918645
2025-10-07,-0.5625197847420069
2025-10-08,-0.6308958531180753
2025-10-09,-0.685343463121241
2025-10-10,-0.7258626147515037
2025-10-13,-0.4700854700854701
2025-10-14,-0.52769863880975
2025-10-15,-0.45868945868945865
2025-10-16,-0.46058879392212726
2025-10-17,-0.2731877176321621
2025-10-20,-0.26242481798037354
2025-10-21,-0.2972459639126306
2025-10-22,-0.35739157961380186
2025-10-23,-0.29787907565685345
2025-10-24,-0.3162393162393162
2025-10-27,-0.4219689775245331
2025-10-28,-0.48654637543526436
2025-10-29,-0.49477682811016144
2025-10-30,-0.42133586578031024
2025-10-31,-0.4137385248496359
2025-11-03,-0.3998100664767331
2025-11-04,-0.4580563469452358
2025-11-05,-0.4713516935739158
2025-11-06,-0.47894903450459003
2025-11-07,-0.43463121240899016
2025-11-10,-0.33143399810066476
2025-11-11,-0.48338081671415
2025-11-12,-0.4897119341563786
2025-11-13,-0.51440329218107
2025-11-14,-0.43273187717632167
2025-11-17,-0.34979423868312753
2025-11-18,-0.33586578031022474
2025-11-19,-0.31813865147198483
2025-11-20,-0.3308008863564419
2025-11-21,-0.21684077239632793
2025-11-24,-0.1320037986704653
2025-11-25,-0.08768597657486543
2025-11-26,-0.1617600506489395
2025-11-28,-0.26052548274770493
2025-12-01,-0.32193732193732194
2025-12-02,-0.27635327635327633
2025-12-03,-0.2706552706552706
2025-12-04,-0.2725546058879392
2025-12-05,-0.373852484963596
2025-12-08,-0.42070275403608737
2025-12-09,-0.3668882557771447
2025-12-10,-0.2630579297245964
2025-12-11,-0.2788857233301678
2025-12-12,-0.3605571383349161
2025-12-15,-0.28015194681861344
2025-12-16,-0.3111744222855334
2025-12-17,-0.29977841088952195
2025-12-18,-0.3548591326369104
2025-12-19,-0.3858816081038303
2025-12-22,-0.4403292181069959
2025-12-23,-0.5422602089268755
2025-12-24,-0.641025641025641
2025-12-26,-0.6682494460272238
2025-12-29,-0.6530547641658753
2025-12-30,-0.6391263057929725
2025-12-31,-0.6771130104463438
2026-01-02,-0.6657169990503324
2026-01-05,-0.6283634061411839
2026-01-06,-0.6549540993985439
2026-01-07,-0.6625514403292181
2026-01-08,-0.6568534346312125
2026-01-09,-0.627730294396961
2026-01-12,-0.6783792339347895
2026-01-13,-0.763849319404875
2026-01-14,-0.7695473251028806
2026-01-15,-0.8081671415004749
2026-01-16,-0.8214624881291548
2026-01-20,-0.8347578347578348
2026-01-21,-0.7524533080088636
2026-01-22,-0.7879075656853435
2026-01-23,-0.8284267173156062
2026-01-26,-0.8518518518518519
2026-01-27,-0.8353909465020576
2026-01-28,-0.8132320354542577
2026-01-29,-0.8296929408040519
2026-01-30,-0.8157644824311491
2026-02-02,-0.7410572966128521
2026-02-03,-0.7214308325419436
2026-02-04,-0.7176321620766065
2026-02-05,-0.7606837606837606
2026-02-06,-0.7397910731244064
2026-02-09,-0.6220322886989553
2026-02-10,-0.632162076606521
2026-02-11,-0.6524216524216524
2026-02-12,-0.6467236467236468
2026-02-13,-0.5916429249762583
2026-02-17,-0.588477366255144
2026-02-18,-0.592909148464704
2026-02-19,-0.5188350743906299
2026-02-20,-0.5327635327635327
2026-02-23,-0.5580880025324471
2026-02-24,-0.5074390629946186
2026-02-25,-0.4821145932257044
2026-02-26,-0.522633744855967
2026-02-27,-0.570750237416904
2026-03-02,-0.6289965178854068
2026-03-03,-0.6258309591642925
2026-03-04,-0.5694840139284584
2026-03-05,-0.5599873377651156
2026-03-06,-0.615068059512504
2026-03-09,-0.5815131370686926
2026-03-10,-0.49857549857549854
2026-03-11,-0.5675846786957899
2026-03-12,-0.5061728395061729
2026-03-13,-0.46818613485280147
2026-03-16,-0.3282684393795505
2026-03-17,-0.26812282367837925
2026-03-18,-0.3662551440329218
2026-03-19,-0.0705919594808484
2026-03-20,0.225071225071225
2026-03-23,0.6264640709085154
2026-03-24,0.8214624881291548
2026-03-25,0.8398227287116176
2026-03-26,0.890471668249446
2026-03-27,0.9170623615068059
2026-03-30,0.9449192782526117
2026-03-31,0.9506172839506173
2026-04-01,0.9556821779044
2026-04-02,0.9417537195314973
2026-04-06,0.9487179487179487
2026-04-07,0.9474517252295029
2026-04-08,0.9423868312757202
2026-04-09,0.9411206077872745
2026-04-10,0.9284583729028173
2026-04-13,0.9373219373219372
2026-04-14,0.9322570433681545
2026-04-15,0.921494143716366
2026-04-16,0.9157961380183604
2026-04-17,0.9259259259259258
2026-04-20,0.9151630262741375
2026-04-21,0.8841405508072175
2026-04-22,0.8018360240582463
2026-04-23,0.851218740107629
2026-04-24,0.899335232668566
2026-04-27,0.8752769863880976
2026-04-28,0.8417220639442862
2026-04-29,0.829059829059829
2026-04-30,0.8949034504590061
2026-05-01,0.9025007913896803
2026-05-04,0.8866729977841088
2026-05-05,0.8892054447610003
2026-05-06,0.8765432098765431
2026-05-07,0.8797087685976575
2026-05-08,0.9056663501107947
2026-05-11,0.907565685343463
2026-05-12,0.895536562203229
2026-05-13,0.8132320354542577
2026-05-14,0.837923393478949
2026-05-15,0.8480531813865146
2026-05-18,0.8714783159227604
2026-05-19,0.8803418803418803
2026-05-20,0.877176321620766
2026-05-21,0.8695789806900918
2026-05-22,0.7980373535929091
2026-05-26,0.7961380183602407
2026-05-27,0.732826843937955
2026-05-28,0.6315289648622981
2026-05-29,0.5435264324153213
2026-06-01,0.4776828110161444
2026-06-02,0.5511237733459955
2026-06-03,0.522633744855967
2026-06-04,0.5460588793922128
2026-06-05,0.5308641975308641
2026-06-08,0.7068692624248181
2026-06-09,0.8518518518518519
2026-06-10,0.8296929408040519
2026-06-11,0.8442545109211776
2026-06-12,0.8531180753402976
2026-06-15,0.8486862931307375
2026-06-16,0.8493194048749604
2026-06-17,0.8100664767331434
2026-06-18,0.8404558404558404
2026-06-22,0.7999366888255777
2026-06-23,0.7264957264957266
2026-06-24,0.7410572966128521
2026-06-25,0.7955049066160178
2026-06-26,0.8157644824311492
2026-06-29,0.772712883823995
2026-06-30,0.741690408357075
2026-07-01,0.750553972776195
2026-07-02,0.7708135485913263
2026-07-06,0.8176638176638176
2026-07-07,0.7904400126622348
2026-07-08,0.7986704653371319
2026-07-09,0.7910731244064577
2026-07-10,0.7581513137068692
2026-07-13,0.7746122190566636
2026-07-14,0.715732826843938
2026-07-15,0.7796771130104463
2026-07-16,0.8220955998733777
2026-07-17,0.8360240582462806
2026-07-20,0.8233618233618234
2026-07-21,0.8322253877809433
2026-07-22,0.8556505223171891
2026-07-23,0.8784425451092117
2026-07-24,0.8455207344096234
2026-07-27,0.8613485280151947
2026-07-28,0.8619816397594176
2026-07-29,0.8860398860398861
2026-07-30,0.9062994618550173
2026-07-31,0.9183285849952516
2026-08-03,0.8917378917378918
2026-08-04,0.9031339031339032
2026-08-05,0.8974358974358974
2026-08-06,0.8873061095283317
2026-08-07,0.8328584995251662
2026-08-10,0.8144982589427034
2026-08-11,0.7537195314973093
2026-08-12,0.7372586261475151
2026-08-13,0.7144666033554923
2026-08-14,0.6688825577714466
2026-08-17,0.584045584045584
2026-08-18,0.5175688509021843
2026-08-19,0.49477682811016144
2026-08-20,0.5454257676479899
2026-08-21,0.5827793605571383
2026-08-24,0.4871794871794872
2026-08-25,0.48654637543526436
2026-08-26,0.4751503640392529
2026-08-27,0.4656536878759101
2026-08-28,
2026-08-31,
2026-09-01,
2026-09-02,
2026-09-03,
2026-09-04,
2026-09-08,
2026-09-09,
2026-09-10,
2026-09-11,
2026-09-14,
2026-09-15,
2026-09-16,
2026-09-17,
2026-09-18,
2026-09-21,
2026-09-22,
2026-09-23,
2026-09-24,
2026-09-25,
