,SMA200,VolTarget,TSMOM,RSI2,MA50_200,XSecMom,GEM,ShortRev,RL_Portfolio
SMA200,1.0,0.8357589484648221,0.5759747029124291,0.190828393571317,0.5721881807528516,0.6391853899400517,0.3639497800867352,-0.01770495923363719,0.45667732698647623
VolTarget,0.8357589484648221,1.0,0.5406015676074464,0.3447094988782134,0.4730816668128015,0.7637606212497203,0.43855164912794825,-0.049481182521959856,0.48263645833370883
TSMOM,0.5759747029124291,0.5406015676074464,1.0,0.3545907388706564,0.6879483480052669,0.6245873981609943,0.3160946047578118,-0.09097683997692337,0.5213688340967437
RSI2,0.190828393571317,0.3447094988782134,0.3545907388706564,1.0,0.29168512061346963,0.42568428133193453,0.2402037294012869,-0.17982475941664194,0.26826940758628665
MA50_200,0.5721881807528516,0.4730816668128015,0.6879483480052669,0.29168512061346963,1.0,0.42290094702754405,0.22151120085421852,-0.04786252675355356,0.40935480577679934
XSecMom,0.6391853899400517,0.7637606212497203,0.6245873981609943,0.42568428133193453,0.42290094702754405,1.0,0.6252868695845236,-0.07432745141863145,0.45063526676946386
GEM,0.3639497800867352,0.43855164912794825,0.3160946047578118,0.2402037294012869,0.22151120085421852,0.6252868695845236,1.0,-0.04711531944224308,0.4055444488627894
ShortRev,-0.01770495923363719,-0.049481182521959856,-0.09097683997692337,-0.17982475941664194,-0.04786252675355356,-0.07432745141863145,-0.04711531944224308,1.0,-0.05678397908337062
RL_Portfolio,0.45667732698647623,0.48263645833370883,0.5213688340967437,0.26826940758628665,0.40935480577679934,0.45063526676946386,0.4055444488627894,-0.05678397908337062,1.0
