SMA200,VolTarget,XSecMom
0.1636831295602555,0.03447115469258903,0.16455452125709588
0.14181735847703822,-0.32893628397309455,-0.3106525681533131
-0.5828782881720233,-0.1524459034367714,-0.10355889238496749
-0.46602180890911854,-0.29526827102443143,-0.15123662246355393
0.06865769601369787,0.14740808612489947,0.15032885709404878
-0.2574046922776881,-0.04245239948334696,0.16640725758943983
-0.12217700665540097,-0.24857905221128154,-0.22499095585302217
-0.022283191178906626,-0.33544317189569767,-0.10723887479391254
-0.4574873132565028,-0.14243563140692092,-0.11854445978637439
-0.16989574764292997,-0.2534372969257445,-0.11691061483838786
-0.5897951058537632,-0.8196138438016725,-0.8681359335563325
-0.04238168856491694,0.05804448182892601,0.008706417910799001
-0.8996424503747614,-0.7733560447255103,-0.7488176761797264
-0.3461117807283164,-0.1475045339941752,-0.1763209504659318
-0.4195555372255184,0.009749669584304718,0.21510034802627387
0.07583266381803268,0.38898605771618516,0.4160576580845365
-0.18402343647732614,-0.05156598616689634,-0.10978238148410623
0.07190622293909775,-0.2346658099136905,-0.27560644220998654
-0.2828102204564716,-0.2961089393796943,-0.2881010769030013
-0.3095981217263867,-0.08071976076705846,0.018634936382963624
-0.16522494950112893,0.007502998174822098,0.16419469537669398
-0.08396916112896534,0.06729874440742781,0.22572931450403688
-0.23900289129697938,-0.16230338207450778,-0.03786703567375879
-0.3663437369474896,-0.5777918727985139,-0.5400011981140994
-0.336740826508679,-0.313616982054656,-0.29197130304569735
-0.2759950824841245,-0.13219521107272017,-0.03398720476735572
0.2725440313092295,0.11399171977936613,0.10781281514450301
0.037808750455968376,-0.09256159732246262,-0.011051696191213748
-0.24830579399930003,-0.48949414280278214,-0.09952449355727597
0.19414690050945868,0.13308946578617703,0.3041053433351979
