Price,ETF
2018-01-26,0.005929469857522981
2018-01-29,-0.0031562444100854824
2018-01-30,-0.006333330312536693
2018-01-31,0.00178527491122146
2018-02-01,-0.003970445195054038
2018-02-02,-0.010006346927772698
2018-02-05,-0.010627587601330129
2018-02-06,0.007446088689756993
2018-02-07,-0.0050795913369353135
2018-02-08,-0.011804848657263872
2018-02-09,0.004445323419048199
2018-02-12,0.006860876272140979
2018-02-13,0.0014347889775961449
2018-02-14,0.003310444962698672
2018-02-15,0.0071771401570113955
2018-02-16,0.00198130041300495
2018-02-20,-0.0034124367063097325
2018-02-21,-0.004732811969273649
2018-02-22,0.0013676545855581018
2018-02-23,0.008112401925778438
2018-02-26,0.00522651876513553
2018-02-27,-0.006495549456644338
2018-02-28,-0.004958834456117475
2018-03-01,-0.0025723795026630723
2018-03-02,0.0018050004099162801
2018-03-05,0.004782900083535837
2018-03-06,0.0028153138060617953
2018-03-07,-0.001090332588205877
2018-03-08,0.0017835005972698457
2018-03-09,0.005108763777616105
2018-03-12,0.002200635823815413
2018-03-13,-0.002390743897742302
2018-03-14,-0.0006699180292252057
2018-03-15,-0.0022661525614335034
2018-03-16,0.00025851246046493633
2018-03-19,-0.0041757835595109165
2018-03-20,-6.228518192859197e-05
2018-03-21,9.353826953478175e-05
2018-03-22,-0.00722851706608403
2018-03-23,-0.008781418471510356
2018-03-26,0.012060617882027594
2018-03-27,-0.0049542276397889105
2018-03-28,-0.0007905004572706586
2018-03-29,0.007751921448349008
2018-04-02,-0.01074789611122927
2018-04-03,0.005216760227174931
2018-04-04,0.004915627554039277
2018-04-05,0.0015536986720096374
2018-04-06,-0.008498214087619466
2018-04-09,0.002826465790169507
2018-04-10,0.009467370215498797
2018-04-11,-0.0007101244800980645
2018-04-12,0.0005302853459930523
2018-04-13,-0.002194081198938901
2018-04-16,0.0027569393050654177
2018-04-17,0.0028631798506810746
2018-04-18,0.00014705482138016783
2018-04-19,-0.005923096369766531
2018-04-20,-0.00534962478274019
2018-04-23,-0.0015795799103280807
2018-04-24,-0.005172875652470331
2018-04-25,0.002034103973128654
2018-04-26,0.005268430975420888
2018-04-27,0.000752678677015569
2018-04-30,-0.00463458130538203
2018-05-01,0.0012367272772345042
2018-05-02,-0.005526998045026743
2018-05-03,0.0024087815667922165
2018-05-04,0.005385261785070702
2018-05-07,0.0008499062481241763
2018-05-08,-0.0002695395087354471
2018-05-09,0.003343552397390026
2018-05-10,0.005327912139135967
2018-05-11,-0.0003374347232948689
2018-05-14,-0.0005036223040977206
2018-05-15,-0.0038683313646866494
2018-05-16,0.001746170253832368
2018-05-17,-0.0016246410103510336
2018-05-18,-0.0010159968546006814
2018-05-21,0.0035436690335336283
2018-05-22,-0.0008529476003201217
2018-05-23,0.002119073003327216
2018-05-24,-4.619264970839482e-05
2018-05-25,-0.0011026656089936245
2018-05-29,0.0011868661955363945
2018-05-30,0.0059649324937582635
2018-05-31,-0.003875130663426986
2018-06-01,0.0022582468749550856
2018-06-04,0.0015620265004112122
2018-06-05,-0.0006648688336547434
2018-06-06,0.0013230959261861797
2018-06-07,0.0009086827047191754
2018-06-08,0.0005811484656952397
2018-06-11,0.00028701598937518297
2018-06-12,0.0005908669115386838
2018-06-13,-0.002272962124415906
2018-06-14,0.0011679806566188432
2018-06-15,-0.0015550355047654646
2018-06-18,-0.002024229791592512
2018-06-19,0.0001176153970916259
2018-06-20,0.00011101925774929081
2018-06-21,-0.0013725109425663231
2018-06-22,0.0020850743642938374
2018-06-25,-0.002461470464770896
2018-06-26,5.213537638327425e-05
2018-06-27,-0.00260604185192356
2018-06-28,0.0031993310875688993
2018-06-29,7.74377974081473e-06
2018-07-02,-0.0006462615267235733
2018-07-03,-7.042734089065413e-05
2018-07-05,0.004666263250241917
2018-07-06,0.0036599686112688116
2018-07-09,0.001527023306200298
2018-07-10,0.0010944010075856023
2018-07-11,-0.005375214988433993
2018-07-12,0.003840535426965202
2018-07-13,0.00040159397616813184
2018-07-16,-0.003150634332401454
2018-07-17,0.0012812888196982108
2018-07-18,0.0006287331821799494
2018-07-19,0.00034322309113097227
2018-07-20,-0.0006061600387745078
2018-07-23,-0.0007472436837512461
2018-07-24,0.0009585781075662654
2018-07-25,0.0049546120279439785
2018-07-26,0.0001430483208492074
2018-07-27,-0.00242329122787697
2018-07-30,-0.0016966266724506795
2018-07-31,0.002810153671292153
2018-08-01,-0.003054493727410233
2018-08-02,0.002032631820888523
2018-08-03,0.002822843726297976
2018-08-06,0.0003990384094518221
2018-08-07,0.0007485788645239827
2018-08-08,-0.0017160945860171996
2018-08-09,-0.00014970233151482385
2018-08-10,-0.0022820629656602016
2018-08-13,-0.0012801927300962477
2018-08-14,0.0014863721069737232
2018-08-15,-0.003809478628221812
2018-08-16,0.003281872502579719
2018-08-17,0.0021183803588234445
2018-08-20,0.0012252982717664783
2018-08-21,0.002737565658729842
2018-08-22,0.0005747538282996651
2018-08-23,-0.0019124055248548476
2018-08-24,0.004727136106249538
2018-08-27,0.003721126557707204
2018-08-28,-0.0008099043576356195
2018-08-29,0.002909632794491064
2018-08-30,-0.0021782409667559263
2018-08-31,0.0003702219491672181
2018-09-04,-0.0034308506093466925
2018-09-05,-0.00043357367075631386
2018-09-06,-0.0009839172483476727
2018-09-07,-0.0026366045995413574
2018-09-10,0.0007444025203420514
2018-09-11,-0.000691964263532505
2018-09-12,0.0006129071923537591
2018-09-13,0.002120244561419123
2018-09-14,-0.0011078161717248862
2018-09-17,-0.0014895771886550403
2018-09-18,0.0019018925516308606
2018-09-19,-0.0016511566618930445
2018-09-20,0.004934374009245089
2018-09-21,-0.00036695455245579927
2018-09-24,-0.0019883537347966623
2018-09-25,-0.0008765447033620354
2018-09-26,-0.0022260663131244704
2018-09-27,0.0010994730171796276
2018-09-28,0.0013019711185606896
2018-10-01,0.00026622550884629765
2018-10-02,0.00038874540327734513
2018-10-03,-0.002046417696391808
2018-10-04,-0.004539224088855087
2018-10-05,-0.003350411446659569
2018-10-08,0.000249587462874202
2018-10-09,0.0010842206078694175
2018-10-10,-0.011679238601950671
2018-10-11,-0.007719165968259194
2018-10-12,0.003620544237341996
2018-10-15,-0.0014976754557496248
2018-10-16,0.010460562922537279
2018-10-17,-0.0017539670634860688
2018-10-18,-0.005770663365064407
2018-10-19,-0.00020057933861909402
2018-10-22,-0.00203264962587631
2018-10-23,-0.0026132981181447596
2018-10-24,-0.012311204964553792
2018-10-25,0.007931133410282062
2018-10-26,-0.005874695927052644
2018-10-29,-0.0024862402452640155
2018-10-30,0.008339038465887324
2018-10-31,0.0009481530933161723
2018-11-01,0.007984112952384693
2018-11-02,-0.0038163000819525466
2018-11-05,0.003582648202855411
2018-11-06,0.00195459094275919
2018-11-07,0.00801339772073555
2018-11-08,-0.0033344062959423056
2018-11-09,-0.004478991631317651
2018-11-12,-0.007351876091081401
2018-11-13,-0.0007428750886208512
2018-11-14,-0.0013911973211947176
2018-11-15,0.006042485760736301
2018-11-16,0.0010780853182596338
2018-11-19,-0.0057159961739488546
2018-11-20,-0.009231721053226304
2018-11-21,0.002439784128184383
2018-11-23,-0.0040006243321367325
2018-11-26,0.005728155846686297
2018-11-27,0.00038374171379994894
2018-11-28,0.010839256274665681
2018-11-29,-0.00026282119469004116
2018-11-30,0.0036891188103486817
2018-12-03,0.006246286729159451
2018-12-04,-0.011366257841864609
2018-12-06,-0.00032839599118098645
2018-12-07,-0.00837587010729207
2018-12-10,-0.001127773137395473
2018-12-11,0.000963641780815906
2018-12-12,0.002612385105163319
2018-12-13,-0.00033877584453322686
2018-12-14,-0.008740899158357277
2018-12-17,-0.0098922145582912
2018-12-18,-0.00035217966249084223
2018-12-19,-0.009196302707156174
2018-12-20,-0.006023364817668902
2018-12-21,-0.008818086583957085
2018-12-24,-0.013433283696707881
2018-12-26,0.02356026166651108
2018-12-27,0.005660802600791343
2018-12-28,0.001366325423430457
2018-12-31,0.003358772626278759
2019-01-02,-0.0007945657454835293
2019-01-03,-0.008446724455849552
2019-01-04,0.015191561882843763
2019-01-07,0.0038246038763637105
2019-01-08,0.004865517273633594
2019-01-09,0.004207335842400295
2019-01-10,0.0025276601876532802
2019-01-11,-0.0009873319894703422
2019-01-14,-0.0047704760656129145
2019-01-15,0.004153426923653805
2019-01-16,0.0027004882223763444
2019-01-17,0.0038638813591885543
2019-01-18,0.006261426375077439
2019-01-22,-0.004705071221986731
2019-01-23,0.0010466473464283805
2019-01-24,0.0029816149436797325
2019-01-25,0.0037639751391661995
2019-01-28,-0.0027466507061325277
2019-01-29,0.0005522798215611413
2019-01-30,0.00791566366508241
2019-01-31,0.004190136484311221
2019-02-01,-0.00014673061075976755
2019-02-04,0.0022225000183625078
2019-02-05,0.0025917711310597907
2019-02-06,-0.0005523220328138375
2019-02-07,-0.0033599184368157888
2019-02-08,0.00027778202575048065
2019-02-11,-0.00010726038794724121
2019-02-12,0.006389020899592812
2019-02-13,0.0009562963700161328
2019-02-14,0.0010088939546381399
2019-02-15,0.005912721153578939
2019-02-19,0.002475592600117932
2019-02-20,-0.00013944156191115814
2019-02-21,-0.0024136739108741303
2019-02-22,0.0034697266782707467
2019-02-25,0.0007051982977133624
2019-02-26,-0.0002859580481388052
2019-02-27,-0.0016924518627363775
2019-02-28,-0.0018039633286246355
2019-03-01,0.00038268644286303924
2019-03-04,-0.00019300617169720565
2019-03-05,-7.758717635202459e-05
2019-03-06,-0.003356349889868537
2019-03-07,-0.0028994119271129105
2019-03-08,-0.00040572142431235793
2019-03-11,0.006001598456489578
2019-03-12,0.0022683454894998688
2019-03-13,0.0035153221387343504
2019-03-14,-0.0023001143657668368
2019-03-15,0.004056932851489191
2019-03-18,0.0023072330927346287
2019-03-19,-6.905743330752468e-05
2019-03-20,0.0001891603578812902
2019-03-21,0.0062406960171541145
2019-03-22,-0.006320837372502954
2019-03-25,0.0005979763298754833
2019-03-26,0.0028529653041935365
2019-03-27,-0.00228285659189536
2019-03-28,0.00106558365327985
2019-03-29,0.00249014402156655
2019-04-01,0.004232060663099297
2019-04-02,-0.0001833599479635561
2019-04-03,0.0013460557183587241
2019-04-04,0.0012774344620227827
2019-04-05,0.003368941057214253
2019-04-08,0.00013772462291116518
2019-04-09,-0.0018693398637068116
2019-04-10,0.002879611002323272
2019-04-11,-0.002091176369899528
2019-04-12,0.0013959662703759892
2019-04-15,-0.0012968385265476248
2019-04-16,-0.0006304374277501485
2019-04-17,-0.0009665599334777175
2019-04-18,0.0005200488651697873
2019-04-22,-0.0006550535734672098
2019-04-23,0.004761694356988638
2019-04-24,0.0011134538089786943
2019-04-25,-0.0014388260157985238
2019-04-26,0.0011019969778673386
2019-04-29,-0.00023999586897490596
2019-04-30,0.0024766473071631155
2019-05-01,-0.0036477909672308524
2019-05-02,-0.0013609883395659403
2019-05-03,0.005147102423578926
2019-05-06,-0.0005313674358681434
2019-05-07,-0.003875023885052924
2019-05-08,-0.0025320687530289423
2019-05-09,-0.0023528123211680337
2019-05-10,0.0009256402225303463
2019-05-13,-0.0076444755970725975
2019-05-14,0.0039019659171559582
2019-05-15,0.002459078569111413
2019-05-16,0.0014198126571743218
2019-05-17,-0.00444376500653117
2019-05-20,-0.00432697780351429
2019-05-21,0.0038732451591237606
2019-05-22,-0.00251001140501447
2019-05-23,-0.003861083345518153
2019-05-24,0.0011114207059397636
2019-05-28,-0.003786364927124842
2019-05-29,-0.002740956121678431
2019-05-30,0.0012568610602181464
2019-05-31,-0.003907413789853016
2019-06-03,0.002953511110616928
2019-06-04,0.00882042171089854
2019-06-05,0.0019149596523793952
2019-06-06,0.00398206198678292
2019-06-07,0.006260958115835526
2019-06-10,0.0015883237734831996
2019-06-11,0.0008737545046422633
2019-06-12,-0.0021128443868816786
2019-06-13,0.0035619551147188567
2019-06-14,-0.002685073850144772
2019-06-17,-1.8063447559310647e-05
2019-06-18,0.007976007867159053
2019-06-19,0.002096256155220554
2019-06-20,0.007930882943699051
2019-06-21,-0.0013814218798760681
2019-06-24,-0.00044034306330536106
2019-06-25,-0.004065879545475166
2019-06-26,-0.0016192831975694857
2019-06-27,0.0038089664726318243
2019-06-28,0.00235136746035068
2019-07-01,0.0018927987502600342
2019-07-02,0.0004475906489412069
2019-07-03,0.004974729414021455
2019-07-05,-0.003230322850329108
2019-07-08,-0.0020042094114195554
2019-07-09,0.000461657720403159
2019-07-10,0.003213155780493599
2019-07-11,-0.0018507114667602944
2019-07-12,0.0023817667438969727
2019-07-15,0.00017239919278323122
2019-07-16,-0.0032460966140453675
2019-07-17,-0.00034305025571892104
2019-07-18,0.0033131070426584103
2019-07-19,-0.0035967598242653697
2019-07-22,0.0009024921815291843
2019-07-23,0.0022479278599819154
2019-07-24,0.0034935052188979306
2019-07-25,-0.0037095228997303204
2019-07-26,0.002480265051957531
2019-07-29,0.00022022300057473207
2019-07-30,0.0006004051368065691
2019-07-31,-0.0049533000955830735
2019-08-01,-0.0006375161463977855
2019-08-02,-0.0035154323263185835
2019-08-05,-0.01101995343577543
2019-08-06,0.005890738339726523
2019-08-07,0.0016790329751440803
2019-08-08,0.009496365939758828
2019-08-09,-0.0034727024644849985
2019-08-12,-0.002168728671985066
2019-08-13,0.005479724076713936
2019-08-14,-0.010008987959790171
2019-08-15,0.0022509072512094624
2019-08-16,0.006444786889218885
2019-08-19,0.002633320925183279
2019-08-20,-0.0015154669997694623
2019-08-21,0.002331160849382628
2019-08-22,-0.000647310837357791
2019-08-23,-0.008318759576790364
2019-08-26,0.0047795884567404245
2019-08-27,0.00023772499290544222
2019-08-28,0.003297963335975582
2019-08-29,0.00518371684078308
2019-08-30,0.0002935821713280983
2019-09-03,-0.0009490222783600539
2019-09-04,0.006248664058283309
2019-09-05,0.002705798878642227
2019-09-06,-0.00019164289244030891
2019-09-09,-0.0003903786670233098
2019-09-10,-0.0013371860591797624
2019-09-11,0.004007416436185277
2019-09-12,0.000324869984253705
2019-09-13,-0.00334276705169617
2019-09-16,0.003018973686518922
2019-09-17,0.0010636403484440148
2019-09-18,-0.0017593898375802561
2019-09-19,-0.00028822851952417804
2019-09-20,0.0013137688800880893
2019-09-23,0.000866430880154444
2019-09-24,-0.002047061091576156
2019-09-25,4.642570175336359e-05
2019-09-26,3.345665038317711e-05
2019-09-27,-0.0028213298406575653
2019-09-30,0.001002425746551233
2019-10-01,-0.004722336974393553
2019-10-02,-0.006492404244896009
2019-10-03,0.004727879447564923
2019-10-04,0.006445738847195535
2019-10-07,-0.003761007054411774
2019-10-08,-0.005531646976702785
2019-10-09,0.003679588237513438
2019-10-10,0.0010715025681659893
2019-10-11,0.003673521633083336
2019-10-14,-0.001599738016835198
2019-10-15,0.0028667668164034828
2019-10-16,-0.0013068702876142563
2019-10-17,0.0020625368500690206
2019-10-18,-0.0014900740651393118
2019-10-21,0.0028076152778059534
2019-10-22,0.00032359587314966204
2019-10-23,0.0010161990609058103
2019-10-24,0.0017757454173160468
2019-10-25,0.000855639500540764
2019-10-28,0.0015971634607572457
2019-10-29,-0.00011613236036865505
2019-10-30,0.0011457752188367345
2019-10-31,5.770503778499337e-05
2019-11-01,0.004850760859840953
2019-11-04,0.0017166295715087888
2019-11-05,-0.0016759138362681908
2019-11-06,-0.00023710120534597021
2019-11-07,-0.001135086800876587
2019-11-08,-0.0007752496272948548
2019-11-11,-0.0018529194830674662
2019-11-12,0.0002120451593715579
2019-11-13,0.0014744957132093604
2019-11-14,0.0010070542686346888
2019-11-15,0.0025061759794207184
2019-11-18,2.5162439955742363e-05
2019-11-19,0.00025066128530527626
2019-11-20,0.0001775793001177013
2019-11-21,-0.0018437028947149313
2019-11-22,-0.0002743486889231531
2019-11-25,0.0038058108587535485
2019-11-26,0.0013479992909139578
2019-11-27,0.001824492238059246
2019-11-29,-0.0032362130290795083
2019-12-02,-0.003335125829742721
2019-12-03,0.0007942902370019374
2019-12-04,0.0029069646994793292
2019-12-05,0.0001983850479800875
2019-12-06,0.0032897245367168315
2019-12-09,0.00013157277112578133
2019-12-10,7.8739349435383e-05
2019-12-11,0.0021436931542949335
2019-12-12,0.0019009131022660406
2019-12-13,0.0002750497541590861
2019-12-16,0.003288225280842264
2019-12-17,0.000343012266609848
2019-12-18,0.0003364148373769163
2019-12-19,0.0017057830779235767
2019-12-20,0.0035143603142443317
2019-12-23,0.00041509418592694335
2019-12-24,0.0008029321912929579
2019-12-26,0.0029300306305484
2019-12-27,0.0010140737698799034
2019-12-30,-0.0014424860167278639
2019-12-31,-0.0006371744371522119
2020-01-02,0.003632115442756744
2020-01-03,-5.665738021141426e-05
2020-01-06,0.00037520080157027073
2020-01-07,-0.0016262137674556496
2020-01-08,7.825253047337109e-05
2020-01-09,0.0019430206525680631
2020-01-10,-0.00042903122756653383
2020-01-13,0.0026892694802726777
2020-01-14,0.00022739981534705976
2020-01-15,0.0012835473640074868
2020-01-16,0.0036674495411703183
2020-01-17,0.0011835656287812754
2020-01-21,-0.0009293104786080835
2020-01-22,0.000752303232272615
2020-01-23,0.0005254452450590304
2020-01-24,-0.002445408395188908
2020-01-27,-0.005469084370199302
2020-01-28,0.003037526730013371
2020-01-29,-0.0006719622446747145
2020-01-30,0.00071250873506901
2020-01-31,-0.006770477326691977
2020-02-03,0.001442573994529735
2020-02-04,0.005385631764526184
2020-02-05,0.0057910928523778
2020-02-06,0.0009190610559291547
2020-02-07,-0.002788595601841633
2020-02-10,0.0032985957018024305
2020-02-11,0.0026642997170117336
2020-02-12,0.0020362980166777947
2020-02-13,0.001147007665200874
2020-02-14,0.000728664075001204
2020-02-18,-0.00043483633374534144
2020-02-19,0.002873658987119152
2020-02-20,0.00011885368866564481
2020-02-21,-0.001940269134705678
2020-02-24,-0.011638245289276613
2020-02-25,-0.014087138542872472
2020-02-26,-0.00430416994192989
2020-02-27,-0.019591473013205317
2020-02-28,-0.0038870669218619377
2020-03-02,0.024094619139242306
2020-03-03,-0.006118607219328772
2020-03-04,0.021077396212007368
2020-03-05,-0.010027102514617539
2020-03-06,-0.004966692255489283
2020-03-09,-0.04322676327301065
2020-03-10,0.019675971486438997
2020-03-11,-0.030409534160460217
2020-03-12,-0.0581027356962697
2020-03-13,0.048410835466305015
2020-03-16,-0.058424362209044886
2020-03-17,0.030300710175908713
2020-03-18,-0.04071400218550879
2020-03-19,-0.0007668543209078546
2020-03-20,-0.01723835698405088
2020-03-23,-0.014891528907185658
2020-03-24,0.056149729839772636
2020-03-25,0.016589137653562572
2020-03-26,0.03422077108346962
2020-03-27,-0.012483626317693381
2020-03-30,0.016474098301333062
2020-03-31,-0.01169734487212885
2020-04-01,-0.02607667275656122
2020-04-02,0.015146829693948396
2020-04-03,-0.010813556227939098
2020-04-06,0.039302919593665664
2020-04-07,0.001143490112559435
2020-04-08,0.02132082556207956
2020-04-09,0.01514990352044443
2020-04-13,-0.008329608316375988
2020-04-14,0.013170024266411917
2020-04-15,-0.01279203645324849
2020-04-16,0.00166627046446204
2020-04-17,0.01587370704095591
2020-04-20,-0.00854884206590948
2020-04-21,-0.015286081180519249
2020-04-22,0.012821902365179239
2020-04-23,0.0004131955397581944
2020-04-24,0.004273611582780623
2020-04-27,0.006433754743646078
2020-04-28,0.002442855456421583
2020-04-29,0.015379583003338805
2020-04-30,-0.010153787929951544
2020-05-01,-0.015188593245120145
2020-05-04,0.0027537667583219403
2020-05-05,0.004167934520557951
2020-05-06,-0.00733582449812967
2020-05-07,0.0072531495183109276
2020-05-08,0.010597154705688457
2020-05-11,-0.005499108627045203
2020-05-12,-0.008087074367553541
2020-05-13,-0.007344429515029395
2020-05-14,0.005380553263823875
2020-05-15,0.00010387818977356254
2020-05-18,0.021179231364879317
2020-05-19,-0.0053877987914933145
2020-05-20,0.010102935982618447
2020-05-21,-0.0042873729289889225
2020-05-22,0.0007155007868683589
2020-05-26,0.009360088228928271
2020-05-27,0.008660945960875655
2020-05-28,-0.0004628060893179816
2020-05-29,0.0024991617080659936
2020-06-01,0.005399731322212195
2020-06-02,0.0058080779089233515
2020-06-03,0.007474332978340992
2020-06-04,-0.002512760671583064
2020-06-05,0.0143771242984093
2020-06-08,0.00997403962938982
2020-06-09,-0.00434196437301394
2020-06-10,-0.00384856382260129
2020-06-11,-0.02555101911938782
2020-06-12,0.006676338802364845
2020-06-15,0.005753080683928864
2020-06-16,0.009143750279273985
2020-06-17,-0.0032418042273176947
2020-06-18,0.0001361567810479163
2020-06-19,-0.002528576570798199
2020-06-22,0.0018450364865398746
2020-06-23,0.0009183242715385761
2020-06-24,-0.014129775098230086
2020-06-25,0.005548937203025467
2020-06-26,-0.010448507876717606
2020-06-29,0.007870719633644772
2020-06-30,0.006185077336658767
2020-07-01,7.801010949084551e-05
2020-07-02,0.004365303875689778
2020-07-06,0.008132228476546806
2020-07-07,-0.005316581491258741
2020-07-08,0.00401695724178281
2020-07-09,-0.004519241416400328
2020-07-10,0.005491052349456287
2020-07-13,-0.001071537549931179
2020-07-14,0.006870587421988508
2020-07-15,0.00620516784066792
2020-07-16,-0.002798934802725394
2020-07-17,0.0016783794119349421
2020-07-20,0.00012705590806398267
2020-07-21,0.006136417972920405
2020-07-22,0.0037042853843872506
2020-07-23,-0.0020634613769766378
2020-07-24,-0.0036733635382397442
2020-07-27,0.004891372421988744
2020-07-28,-0.0029072935967432204
2020-07-29,0.008780216155955046
2020-07-30,-0.0027761835627342895
2020-07-31,-0.0004917747263947685
2020-08-03,0.004458144988256558
2020-08-04,0.004880171850197685
2020-08-05,0.002610149818183845
2020-08-06,0.0019988245248308153
2020-08-07,-0.0001318607791678633
2020-08-10,0.0013999259119580677
2020-08-11,-0.006003494050648426
2020-08-12,0.005578197326730778
2020-08-13,-0.0025923565277904672
2020-08-14,-0.0007337832788852341
2020-08-17,0.002786332072223938
2020-08-18,-0.0005514941370186962
2020-08-19,-0.004342436270022192
2020-08-20,-0.0005782925258898732
2020-08-21,0.000765981763238143
2020-08-24,0.006374432412796492
2020-08-25,0.0003241283986338005
2020-08-26,0.001737797981602838
2020-08-27,0.0007264611309921616
2020-08-28,0.005600733363948591
2020-08-31,-0.0013396861033597527
2020-09-01,0.005283028988863451
2020-09-02,0.008807411659390849
2020-09-03,-0.01230637334080696
2020-09-04,-0.00809944685105877
2020-09-08,-0.016018945039092056
2020-09-09,0.009099489928143054
2020-09-10,-0.00949375499367933
2020-09-11,-0.0007858991694392442
2020-09-14,0.008877533716504536
2020-09-15,0.0027433779675871952
2020-09-16,0.0009315224695186449
2020-09-17,-0.004342360659869807
2020-09-18,-0.006247701909890167
2020-09-21,-0.00957281782616825
2020-09-22,0.0028339324973477883
2020-09-23,-0.013178648945265804
2020-09-24,0.0012826727516221897
2020-09-25,0.006454078944145181
2020-09-28,0.011078584815350661
2020-09-29,-0.003893052065028064
2020-09-30,0.003737874173714008
2020-10-01,0.004408405053825648
2020-10-02,-0.0020175146571249905
2020-10-05,0.009923341382108784
2020-10-06,-0.0044517943781803675
2020-10-07,0.007396503756693567
2020-10-08,0.006423926594449634
2020-10-09,0.002330034415785318
2020-10-12,0.0061380624038893505
2020-10-13,-0.0042279687798030645
2020-10-14,-0.002960698351404089
2020-10-15,0.0006213169787002359
2020-10-16,-0.0009428207442337621
2020-10-19,-0.006454120590328709
2020-10-20,0.0026865888846849244
2020-10-21,-0.0037116436818722563
2020-10-22,0.0032982682467956113
2020-10-23,0.0019511839744260858
2020-10-26,-0.0076536375057206785
2020-10-27,-0.00246332077036666
2020-10-28,-0.015457487140430982
2020-10-29,0.002479878128504361
2020-10-30,-0.004338492929238396
2020-11-02,0.010040326504652922
2020-11-03,0.008498174716132479
2020-11-04,0.007692273739109393
2020-11-05,0.011837191752794093
2020-11-06,-0.0042592134734655155
2020-11-09,0.011502324320173786
2020-11-10,0.0013235602397818854
2020-11-11,0.003086913912129479
2020-11-12,-0.003754071741545517
2020-11-13,0.0075906663624006505
2020-11-16,0.009509777580513872
2020-11-17,-0.001802936728959079
2020-11-18,-0.006414277483456844
2020-11-19,0.0031629527846421964
2020-11-20,-0.001575439268084195
2020-11-23,0.004840532412753024
2020-11-24,0.008691594767953609
2020-11-25,-0.002873134161401045
2020-11-27,0.0018388064938373477
2020-11-30,-0.007421337140953502
2020-12-01,0.007049147129618675
2020-12-02,0.0014978237142102098
2020-12-03,0.0026254497385468025
2020-12-04,0.006630871693091454
2020-12-07,-0.0004851991778416488
2020-12-08,0.001451187673426029
2020-12-09,-0.004285650478355994
2020-12-10,0.0030384421694937902
2020-12-11,-0.00038098643594193087
2020-12-14,-0.0021538358776108848
2020-12-15,0.007968805797645435
2020-12-16,-0.0008836004485811872
2020-12-17,0.003820418807345975
2020-12-18,-0.0025551099068060286
2020-12-21,-0.0010838129921831327
2020-12-22,-0.0017066363809983046
2020-12-23,0.0012574682464853543
2020-12-24,0.00147693896377547
2020-12-28,0.00176261919682778
2020-12-29,-0.0002895037251742993
2020-12-30,0.0027336857253228582
2020-12-31,0.0024879625080682336
2021-01-04,-0.003005825343068235
2021-01-05,0.005585358140318827
2021-01-06,0.005123972498204376
2021-01-07,0.0044100063551917425
2021-01-08,0.0011691168496243353
2021-01-11,-0.0005368220812938166
2021-01-12,0.0026961956943886336
2021-01-13,0.0009852999496836755
2021-01-14,0.0027819623384993703
2021-01-15,-0.005104760069154953
2021-01-19,0.005138393086186791
2021-01-20,0.005027297581565772
2021-01-21,-0.0024339003246596023
2021-01-22,-0.0021798543487625017
2021-01-25,0.004778560085764188
2021-01-26,-0.002433790927998279
2021-01-27,-0.008486019961691658
2021-01-28,0.00400630743355675
2021-01-29,-0.009205320043175659
2021-02-01,0.009101355613417092
2021-02-02,0.0036005568739466277
2021-02-03,-0.0013529804196838755
2021-02-04,0.00396388149828932
2021-02-05,0.0027457466414893645
2021-02-08,0.007818086222189595
2021-02-09,0.0009439923644998621
2021-02-10,0.0018303677922872907
2021-02-11,0.0003118352199773943
2021-02-12,0.0009667025154018278
2021-02-16,-0.0007949889865489731
2021-02-17,-0.0012038471340777405
2021-02-18,-0.004271652649156946
2021-02-19,-0.00014450161017695297
2021-02-22,-0.001761839755257141
2021-02-23,-0.00040570829578880226
2021-02-24,0.005665529579949962
2021-02-25,-0.01228684426541208
2021-02-26,-0.004996128953948095
2021-03-01,0.010822543446160186
2021-03-02,-0.004748305141569856
2021-03-03,-0.005513812638132228
2021-03-04,-0.0076289466701118976
2021-03-05,0.009975885939267586
2021-03-08,-0.0042168519258615166
2021-03-09,0.008296286041243309
2021-03-10,0.004750355719464637
2021-03-11,0.006345785622178782
2021-03-12,-0.0013376350154750637
2021-03-15,0.002152430882695034
2021-03-16,-0.0023191311110058437
2021-03-17,-0.00016073891874749123
2021-03-18,-0.010685303479341268
2021-03-19,0.0003474773208390548
2021-03-22,0.0010485491684900804
2021-03-23,-0.005131097331976426
2021-03-24,-0.0014813399929546334
2021-03-25,0.0026813452522248806
2021-03-26,0.01123887961298073
2021-03-29,-0.003198739874504291
2021-03-30,-0.003419474333115938
2021-03-31,0.0027001243167252523
2021-04-01,0.008355099064597717
2021-04-05,0.003430594608177594
2021-04-06,0.0005091982826062162
2021-04-07,-0.0024070069550145624
2021-04-08,0.0030873559341891995
2021-04-09,0.000699437494582356
2021-04-12,-0.0013583449745447511
2021-04-13,0.002068167537950594
2021-04-14,0.0016806021151532953
2021-04-15,0.006500807840085152
2021-04-16,0.0007148518229595789
2021-04-19,-0.0024568088019560974
2021-04-20,-0.003171510903681748
2021-04-21,0.005124466260393542
2021-04-22,-0.0026248293445474335
2021-04-23,0.005206069517043066
2021-04-26,0.001191246329388373
2021-04-27,-0.0015583303608766221
2021-04-28,0.000490562384703452
2021-04-29,0.002669234192637235
2021-04-30,-0.003997233660742308
2021-05-03,0.0023703249472175154
2021-05-04,-0.001489916572348947
2021-05-05,0.0004927524588589055
2021-05-06,0.005215934681494919
2021-05-07,0.0036369470809601155
2021-05-10,-0.004996925389459333
2021-05-11,-0.00297380274330162
2021-05-12,-0.008067672506463935
2021-05-13,0.0031410499668255306
2021-05-14,0.006839600425041251
2021-05-17,0.0010216512511820855
2021-05-18,-0.003196293667725118
2021-05-19,-0.001485736468363884
2021-05-20,0.004679457837557361
2021-05-21,-3.693538424539451e-05
2021-05-24,0.004267197330468626
2021-05-25,-0.0009919845385006514
2021-05-26,8.443570035280022e-05
2021-05-27,-0.0008521313402324698
2021-05-28,0.0024146567798407014
2021-06-01,0.0036275731225936677
2021-06-02,0.0019058937688983047
2021-06-03,-0.0030375690827746113
2021-06-04,0.004869800865288167
2021-06-07,-0.000537499524981086
2021-06-08,0.0013450896406531326
2021-06-09,-1.0522860779217419e-05
2021-06-10,0.0015234512416573984
2021-06-11,-0.0005826653869854087
2021-06-14,-0.0003027033850282353
2021-06-15,-0.0004566576405745074
2021-06-16,-0.0053717839014221684
2021-06-17,-0.003078434875461161
2021-06-18,-0.005950506208391816
2021-06-21,0.006955920280619478
2021-06-22,2.9997042823692865e-05
2021-06-23,-0.0015304925360819126
2021-06-24,0.003905475722233167
2021-06-25,0.0015624849366902005
2021-06-28,0.0004588455561781791
2021-06-29,0.00014947131675704077
2021-06-30,0.0009062958553720332
2021-07-01,0.0020086683069282098
2021-07-02,0.0030043849590852324
2021-07-06,-0.002404141696929822
2021-07-07,0.0009745915521279868
2021-07-08,-0.0026031952829526656
2021-07-09,0.00522318365586789
2021-07-12,0.0016160437632948583
2021-07-13,-0.0034216549954443534
2021-07-14,-0.00016931082028333273
2021-07-15,-0.0009290740182343116
2021-07-16,-0.0037417611087804813
2021-07-19,-0.003738012337889396
2021-07-20,0.005684849096224775
2021-07-21,0.0032394793633125727
2021-07-22,0.0002287203335830025
2021-07-23,0.0034799186552933246
2021-07-26,-6.47949314484052e-05
2021-07-27,-0.0006617888292829587
2021-07-28,0.0017375469532254658
2021-07-29,0.003652158935580566
2021-07-30,-0.0014580075220691107
2021-08-02,0.0015147708102347362
2021-08-03,0.0026980001243778885
2021-08-04,-0.0038895645831906896
2021-08-05,0.002765558368088063
2021-08-06,-0.0027229991794793184
2021-08-09,-0.0028950978887722183
2021-08-10,0.0003892561778915661
2021-08-11,0.002213750964735095
2021-08-12,-0.0007353011607657958
2021-08-13,0.002544119609068464
2021-08-16,6.414802037830966e-05
2021-08-17,-0.003693249994353827
2021-08-18,-0.004108440654128057
2021-08-19,2.395004991188935e-05
2021-08-20,0.0009010897157684068
2021-08-23,0.00628019149185457
2021-08-24,0.0018098599630673078
2021-08-25,0.0002574606404134508
2021-08-26,-0.0024107204040976827
2021-08-27,0.0071296154905276885
2021-08-30,0.0008894800163948988
2021-08-31,-0.0010534957471840139
2021-09-01,0.0005741751701100588
2021-09-02,0.003646156882091268
2021-09-03,-0.00028853544378540277
2021-09-07,-0.004555433006720433
2021-09-08,-0.0006574241556942031
2021-09-09,-0.0004651336732102928
2021-09-10,-0.002918355023699851
2021-09-13,0.0025568886769984558
2021-09-14,-0.002058609358361502
2021-09-15,0.0033902330401714017
2021-09-16,-0.0036467710838419876
2021-09-17,-0.003549901454541451
2021-09-20,-0.005577829223244419
2021-09-21,-0.0002811965075668916
2021-09-22,0.004976827458443687
2021-09-23,0.002820089838447871
2021-09-24,-0.0026030950731730537
2021-09-27,0.0009068186245333186
2021-09-28,-0.00887603530349484
2021-09-29,0.0012491325476012953
2021-09-30,-0.0050679711981759246
2021-10-01,0.0063525988562065675
2021-10-04,-0.003741792990225314
2021-10-05,0.0024638608991754273
2021-10-06,0.0005557219902920298
2021-10-07,0.003342606390193076
2021-10-08,-0.0020230674362126493
2021-10-11,-0.003248555981436489
2021-10-12,0.0006179234716313615
2021-10-13,0.0038730648564297174
2021-10-14,0.008230704034696504
2021-10-15,0.0017424726673615518
2021-10-18,-0.0007340601732772623
2021-10-19,0.0035047991785527423
2021-10-20,0.0034631381511864194
2021-10-21,-0.0022772810564996794
2021-10-22,0.0029061234471746307
2021-10-25,0.0018435871488067667
2021-10-26,0.0015254601568447685
2021-10-27,-0.003962212655777445
2021-10-28,0.004699735919873509
2021-10-29,-0.0008975789407362689
2021-11-01,0.003404825891016194
2021-11-02,0.0014002826859192694
2021-11-03,0.0004885158392933165
2021-11-04,0.003134733281271168
2021-11-05,0.0064998837290734315
2021-11-08,0.0009950724025798345
2021-11-09,0.0012342713541153266
2021-11-10,-0.006548085514183533
2021-11-11,0.0012339546452929137
2021-11-12,0.0012299451096564567
2021-11-15,-0.0009391359865235132
2021-11-16,0.0007585598432771145
2021-11-17,-0.0012443228942226468
2021-11-18,0.0009541934485282794
2021-11-19,-0.002386240474908024
2021-11-22,-0.0023431997603234507
2021-11-23,0.00025651751223465524
2021-11-24,0.0015424161207956307
2021-11-26,-0.004786170739266157
2021-11-29,8.14081208804065e-05
2021-11-30,-0.006125569394415171
2021-12-01,-0.002668468837544718
2021-12-02,0.00796562198655317
2021-12-03,0.0004208525692705448
2021-12-06,0.003847054029524891
2021-12-07,0.007780540825432926
2021-12-08,-0.0016547275553908094
2021-12-09,-0.0043774770923185775
2021-12-10,0.002435336727911113
2021-12-13,-0.0017593570867905821
2021-12-14,-0.0039043084077596403
2021-12-15,0.005941502897402856
2021-12-16,-0.0012646006772772905
2021-12-17,-0.004013936858303968
2021-12-20,-0.005362508805956028
2021-12-21,0.008666148474340158
2021-12-22,0.004281965499230839
2021-12-23,0.0025125285778854773
2021-12-27,0.0074965708810595865
2021-12-28,-0.0017373941969066684
2021-12-29,-0.0009537110636979078
2021-12-30,8.857969639648313e-06
2021-12-31,-0.0003929879746677601
2022-01-03,-0.00096165729837241
2022-01-04,0.0018151186727390376
2022-01-05,-0.008438210132367648
2022-01-06,0.0007736330870174733
2022-01-07,-0.0033285696725418494
2022-01-10,-0.0020036501747217163
2022-01-11,0.006391232332180533
2022-01-12,0.0013456199282854552
2022-01-13,-0.0030801479882133333
2022-01-14,-0.0009819749942453877
2022-01-18,-0.009611673817964036
2022-01-19,-0.002933904893288126
2022-01-20,-0.00465600722925489
2022-01-21,-0.004160162562089804
2022-01-24,0.002338333487438822
2022-01-25,-0.005113602852054181
2022-01-26,-0.003996447825496474
2022-01-27,-0.0035538698203802493
2022-01-28,0.008684098029081981
2022-01-31,0.00895900429260016
2022-02-01,0.0013695211431462727
2022-02-02,0.00461852011202031
2022-02-03,-0.006958001381382469
2022-02-04,-0.001700839007598554
2022-02-07,-0.0005088933076937122
2022-02-08,0.0018979659026865765
2022-02-09,0.007871347432127486
2022-02-10,-0.009778224454956422
2022-02-11,-0.0005689483640225326
2022-02-14,-0.004749737493275284
2022-02-15,0.004813405176895156
2022-02-16,0.001155461235901742
2022-02-17,-0.004578735991821302
2022-02-18,-0.001602505198114859
2022-02-22,-0.005136680119329199
2022-02-23,-0.007371555463046223
2022-02-24,0.004073133716072744
2022-02-25,0.012682973430090793
2022-02-28,0.00265662401323534
2022-03-01,-0.0013624705094801024
2022-03-02,0.006185600416256855
2022-03-03,-0.0006701586904567657
2022-03-04,0.0008361960134275404
2022-03-07,-0.011717762787651265
2022-03-08,-0.002682368422884243
2022-03-09,0.007067787085741823
2022-03-10,-0.006317002869274517
2022-03-11,-0.00620173552252754
2022-03-14,-0.006137890618367792
2022-03-15,0.007751491445662508
2022-03-16,0.012056807807836923
2022-03-17,0.008690725539583105
2022-03-18,0.003962107169093697
2022-03-21,-0.00021060646384880435
2022-03-22,0.002872142154706084
2022-03-23,-0.004082348180492165
2022-03-24,0.00683012459424881
2022-03-25,0.001152132815152037
2022-03-28,0.0013995166260428928
2022-03-29,0.008970976032257428
2022-03-30,-0.001874982309247798
2022-03-31,-0.007370593591865415
2022-04-01,0.002039475183476626
2022-04-04,0.0025901244387757896
2022-04-05,-0.010544084062354443
2022-04-06,-0.004536482900550091
2022-04-07,0.0005997216606682781
2022-04-08,-0.00024828058503644185
2022-04-11,-0.007981755689999539
2022-04-12,0.00035145266870936103
2022-04-13,0.006542073406567745
2022-04-14,-0.007363442748546359
2022-04-18,-0.0001630369576131167
2022-04-19,0.004103558039180231
2022-04-20,0.004326987570988648
2022-04-21,-0.010311038062200488
2022-04-22,-0.013577203732284078
2022-04-25,0.0002592907256089983
2022-04-26,-0.010466716496353766
2022-04-27,0.000990187557993558
2022-04-28,0.012389641171015046
2022-04-29,-0.01803341464245483
2022-05-02,-0.00012077712481162184
2022-05-03,0.004012692873954162
2022-05-04,0.015999833375308265
2022-05-05,-0.019152367716085913
2022-05-06,-0.004250428250219729
2022-05-09,-0.018723069291030403
2022-05-10,5.5009049620964924e-05
2022-05-11,-0.00433292209920934
2022-05-12,5.4623956178520275e-05
2022-05-13,0.012371387408934823
2022-05-16,-0.001447452703152014
2022-05-17,0.010026063040285867
2022-05-18,-0.018118150507591677
2022-05-19,-0.0011854331007491946
2022-05-20,0.0020266725993100245
2022-05-23,0.007281073085518067
2022-05-24,0.00017819052921139647
2022-05-25,0.006416507572161876
2022-05-26,0.009671132051809856
2022-05-27,0.012549574553883946
2022-05-31,-0.006731246395812845
2022-06-01,-0.005488243934313774
2022-06-02,0.01072586640730369
2022-06-03,-0.008073346630761253
2022-06-06,-0.0005612628448234
2022-06-07,0.007179498013792906
2022-06-08,-0.008032125694985655
2022-06-09,-0.011580679768281185
2022-06-10,-0.015834848153691874
2022-06-13,-0.025916260945522157
2022-06-14,-0.004930423106194289
2022-06-15,0.00884987928451673
2022-06-16,-0.016250547033434717
2022-06-17,-0.0025436053857576697
2022-06-21,0.011660065729993823
2022-06-22,-0.000972820542871285
2022-06-23,0.003903619578538541
2022-06-24,0.015653996728559043
2022-06-27,-0.0018570641346306958
2022-06-28,-0.007401295046518021
2022-06-29,-0.0016810507534438092
2022-06-30,-0.0035241620520423465
2022-07-01,0.006171638670778477
2022-07-05,-0.005506124966277889
2022-07-06,-0.003176730820337881
2022-07-07,0.011031724437896576
2022-07-08,-0.0013348463218190892
2022-07-11,-0.005027610649312475
2022-07-12,-0.004503270219720585
2022-07-13,-0.0007017329224414593
2022-07-14,-0.004559719711400161
2022-07-15,0.010391698385029954
2022-07-18,-0.0029723273608060928
2022-07-19,0.01496856201299794
2022-07-20,0.001559360531613062
2022-07-21,0.0066678482565980905
2022-07-22,-0.0017713322029750344
2022-07-25,0.0018936651595767545
2022-07-26,-0.0039726915827908915
2022-07-27,0.013633061221024282
2022-07-28,0.009391932181318906
2022-07-29,0.006579391738985195
2022-08-01,0.0008754191899615483
2022-08-02,-0.007432690740816163
2022-08-03,0.008166507320844918
2022-08-04,-0.0012907803976779644
2022-08-05,-0.002875894906608801
2022-08-08,0.0033194633561863386
2022-08-09,-0.003261793423513473
2022-08-10,0.01182467583705275
2022-08-11,0.000342820904110645
2022-08-12,0.011345351935980925
2022-08-15,-0.00034355265169321454
2022-08-16,-0.0003799876146715983
2022-08-17,-0.00642607906330379
2022-08-18,0.0032373441494159645
2022-08-19,-0.009509878345559431
2022-08-22,-0.011969722851507781
2022-08-23,-0.0013471127773950458
2022-08-24,0.0011231667898263414
2022-08-25,0.009668505778058499
2022-08-26,-0.017533858010692092
2022-08-29,-0.004861211495377706
2022-08-30,-0.0089048242012336
2022-08-31,-0.006634852749686047
2022-09-01,-0.0033057791344231957
2022-09-02,-0.004352190572965767
2022-09-06,-0.005243302108833706
2022-09-07,0.010147921897154659
2022-09-08,0.0022495126155450186
2022-09-09,0.01101232540658272
2022-09-12,0.0053859885113226435
2022-09-13,-0.023680812601463423
2022-09-14,0.002776310930373032
2022-09-15,-0.009113154341830446
2022-09-16,-0.0027509279029542272
2022-09-19,0.000625411561665669
2022-09-20,-0.00804261780548355
2022-09-21,-0.006804789126265817
2022-09-22,-0.008687310290453871
2022-09-23,-0.012342579957570078
2022-09-26,-0.011011764588925556
2022-09-27,-0.002889944537474816
2022-09-28,0.016799247159604187
2022-09-29,-0.012326421494354424
2022-09-30,-0.006854937568855503
2022-10-03,0.01849649574333064
2022-10-04,0.019515167883013485
2022-10-05,-0.0026499358027990186
2022-10-06,-0.006343730098148171
2022-10-07,-0.01554592331283618
2022-10-10,-0.006978771034814648
2022-10-11,-0.0032468543422896124
2022-10-12,-0.0020086776631972644
2022-10-13,0.0131872990872554
2022-10-14,-0.014865310287670904
2022-10-17,0.013890007367577966
2022-10-18,0.005808216153383293
2022-10-19,-0.007647939346204607
2022-10-20,-0.006728371243308403
2022-10-21,0.013758213481090879
2022-10-24,0.0030133844471158253
2022-10-25,0.011957689080280146
2022-10-26,0.0015334555933012718
2022-10-27,-0.0006138552794729547
2022-10-28,0.010475067480452663
2022-10-31,-0.005689967937680177
2022-11-01,0.0021844630833393244
2022-11-02,-0.012984285018984892
2022-11-03,-0.005464456646540521
2022-11-04,0.01244627518192443
2022-11-07,0.0028036120975934845
2022-11-08,0.006334574566586547
2022-11-09,-0.011480695968500975
2022-11-10,0.0369900961301892
2022-11-11,0.005680059206084494
2022-11-14,-0.0064776312615172854
2022-11-15,0.009628703537003897
2022-11-16,-0.005249271111650576
2022-11-17,-0.0038347154382259844
2022-11-18,0.0017619032576286669
2022-11-21,-0.003200719583345017
2022-11-22,0.008871166512635727
2022-11-23,0.0034830299641414883
2022-11-25,1.1498192340938785e-05
2022-11-28,-0.008935129448152637
2022-11-29,0.0002509804079895313
2022-11-30,0.018410821340986403
2022-12-01,0.0023967558224122546
2022-12-02,-0.0010474430474408122
2022-12-05,-0.013320613085948502
2022-12-06,-0.00529027095472977
2022-12-07,0.0025058565827312234
2022-12-08,0.003431136195277018
2022-12-09,-0.005702704923975288
2022-12-12,0.007654713179118669
2022-12-13,0.00664432144425589
2022-12-14,-0.003818089288738877
2022-12-15,-0.011722553840409586
2022-12-16,-0.007216321293708849
2022-12-19,-0.00694814406560368
2022-12-20,-0.0003756235848505523
2022-12-21,0.008472664102532458
2022-12-22,-0.007040726548200932
2022-12-23,0.0023571343304472523
2022-12-27,-0.0023625487993684303
2022-12-28,-0.009156843197442638
2022-12-29,0.011305389423936777
2022-12-30,-0.003075461730283743
2023-01-03,-0.0013488990098760915
2023-01-04,0.007176084437219843
2023-01-05,-0.006957417716710496
2023-01-06,0.017483201577507792
2023-01-09,0.0019629495263879916
2023-01-10,0.0011028635876484624
2023-01-11,0.008896345245618787
2023-01-12,0.004832602819251735
2023-01-13,0.0007789603065679922
2023-01-17,-0.0010651055865253064
2023-01-18,-0.005359390389566557
2023-01-19,-0.0036054249025428823
2023-01-20,0.006494951340877558
2023-01-23,0.005907152527560666
2023-01-24,-0.0006031820430186643
2023-01-25,0.0005727855643667382
2023-01-26,0.004176049695952587
2023-01-27,-0.001568644152260419
2023-01-30,-0.007568834309971492
2023-01-31,0.009462529607032193
2023-02-01,0.006999270342579446
2023-02-02,0.004892900093185334
2023-02-03,-0.009958787250682145
2023-02-06,-0.004693041215771509
2023-02-07,0.005452029222563967
2023-02-08,-0.003993378326049654
2023-02-09,-0.005160203711612177
2023-02-10,0.0018510193586972594
2023-02-13,0.005402935254440692
2023-02-14,-0.002184168205928544
2023-02-15,-0.001367260126679158
2023-02-16,-0.0059950903244027996
2023-02-17,-0.0008451065941157372
2023-02-21,-0.011227338078789605
2023-02-22,-0.002234835045760853
2023-02-23,0.004493096050999817
2023-02-24,-0.006777716693681714
2023-02-27,0.0009503864831988338
2023-02-28,-0.002991902455680312
2023-03-01,-0.0008705232558184589
2023-03-02,0.0020810644385123645
2023-03-03,0.010340526894403752
2023-03-06,-0.0026602247861536865
2023-03-07,-0.009943086910313988
2023-03-08,0.0008332742786247083
2023-03-09,-0.006548230136332169
2023-03-10,-0.0003844748439296413
2023-03-13,0.0009549838115780033
2023-03-14,0.004693344629524965
2023-03-15,-0.0018409088703104667
2023-03-16,0.004890472543715238
2023-03-17,-0.001348160030627593
2023-03-20,0.0036915015879849513
2023-03-21,0.0016710840651456005
2023-03-22,-0.00523257213117947
2023-03-23,0.0026504517459207694
2023-03-24,0.0028487963367729986
2023-03-27,-0.001820278006904208
2023-03-28,-0.0005557674257605055
2023-03-29,0.006968641033413877
2023-03-30,0.004808348224854469
2023-03-31,0.008612541939019084
2023-04-03,0.0033720958468234814
2023-04-04,-0.0017778816857182411
2023-04-05,-5.0269286564375015e-05
2023-04-06,0.0003289843442829064
2023-04-10,-0.0005793200985267461
2023-04-11,0.0017788183922142495
2023-04-12,-0.001682715733942347
2023-04-13,0.004839713411076482
2023-04-14,-0.004899024014300362
2023-04-17,-4.567987349844178e-05
2023-04-18,0.0004728520168461994
2023-04-19,-0.0017776351313820561
2023-04-20,-0.00046926007618030733
2023-04-21,-0.0017739835467020686
2023-04-24,0.00197055342269221
2023-04-25,-0.004764440694024535
2023-04-26,-0.005975910973899734
2023-04-27,0.006006432491399021
2023-04-28,0.0058197488592192665
2023-05-01,-0.004440783573893
2023-05-02,-0.004045996665078658
2023-05-03,-0.0013257628256785757
2023-05-04,-0.0012947543812596384
2023-05-05,0.007207450050718805
2023-05-08,-0.002458190823063556
2023-05-09,-0.0019457223195206343
2023-05-10,0.0022336240890582734
2023-05-11,-0.0030612111272353987
2023-05-12,-0.002253853907072866
2023-05-15,0.0019229759114418254
2023-05-16,-0.006879693809351472
2023-05-17,0.005679846494326566
2023-05-18,0.0005544004421911122
2023-05-19,-8.642015398628817e-05
2023-05-22,0.00043854871085481016
2023-05-23,-0.004199630008744781
2023-05-24,-0.005032068635029723
2023-05-25,0.0008466751718139614
2023-05-26,0.007502245492346628
2023-05-30,-0.001337902337568192
2023-05-31,-0.003549567048423735
2023-06-01,0.004658777926742105
2023-06-02,0.007355787274381277
2023-06-05,-0.003343211356429305
2023-06-06,0.0017305759738868776
2023-06-07,-0.00015253788550029235
2023-06-08,0.003551442792583126
2023-06-09,-0.0011378729639047696
2023-06-12,0.003765827533664478
2023-06-13,0.0029829557577794002
2023-06-14,-5.017755526066494e-05
2023-06-15,0.009550053971180996
2023-06-16,-0.0032912546238512736
2023-06-20,-0.004950367112999282
2023-06-21,-0.002146294012953394
2023-06-22,-0.00403808811286942
2023-06-23,-0.005176518296587492
2023-06-26,0.0015895030934978166
2023-06-27,0.0042555413714353485
2023-06-28,-0.0013216924824050133
2023-06-29,0.0015315392959087605
2023-06-30,0.006963215330846524
2023-07-03,0.000993436871284082
2023-07-05,-0.00302853092830813
2023-07-06,-0.006448843077883274
2023-07-07,-0.0001513466101783298
2023-07-10,0.004037899493348544
2023-07-11,0.005871413883895249
2023-07-12,0.006511285036792455
2023-07-13,0.007120548838939013
2023-07-14,-0.004587205634014422
2023-07-17,0.0017347999963622835
2023-07-18,0.0037459905344392475
2023-07-19,0.0037694450572036955
2023-07-20,-0.0033347220805028444
2023-07-21,0.0013201392982494632
2023-07-24,0.0017991670181229781
2023-07-25,0.0015758490493676335
2023-07-26,3.8933798759249926e-05
2023-07-27,-0.0058688276540469295
2023-07-28,0.005463797360011894
2023-07-31,0.001742781403327758
2023-08-01,-0.00431362388354576
2023-08-02,-0.006055263994253808
2023-08-03,-0.003598963458682369
2023-08-04,0.0012890224522568122
2023-08-07,0.0016811637636949357
2023-08-08,-0.0016486004373895346
2023-08-09,-0.0022217950112956558
2023-08-10,-0.0020159737373684466
2023-08-11,-0.0029492245097398513
2023-08-14,0.00012305400616601008
2023-08-15,-0.006461804081388771
2023-08-16,-0.004993967274776477
2023-08-17,-0.0020422590520203367
2023-08-18,0.0011482649026395707
2023-08-21,-0.0003351167358357805
2023-08-22,-0.0014262252282390094
2023-08-23,0.008263995483450045
2023-08-24,-0.006112944080909726
2023-08-25,0.0022689512402945273
2023-08-28,0.0033277637750615367
2023-08-29,0.008613728914093679
2023-08-30,0.0003072960478903325
2023-08-31,-0.0018631229718051657
2023-09-01,0.0008471741614036475
2023-09-05,-0.006007062606570942
2023-09-06,-0.002451585141627883
2023-09-07,-0.0013768774186801466
2023-09-08,0.00023847021709662633
2023-09-11,0.0015838773022839084
2023-09-12,-0.0009071680615842764
2023-09-13,-0.0004840507534888003
2023-09-14,0.004697678683241795
2023-09-15,-0.005487161628140918
2023-09-18,0.00022702690655898103
2023-09-19,-0.00290586988620142
2023-09-20,-0.002739848682902147
2023-09-21,-0.009487728871120631
2023-09-22,0.0009366421272551021
2023-09-25,-0.0007452213587590234
2023-09-26,-0.005875755475466949
2023-09-27,-0.0021331725204617917
2023-09-28,0.0020233441020225547
2023-09-29,-0.0019149232720209837
2023-10-02,-0.007160631601073107
2023-10-03,-0.006446436517704831
2023-10-04,0.0012931925922617898
2023-10-05,-0.001124758652552797
2023-10-06,0.004768716125975319
2023-10-09,0.007429485205848204
2023-10-10,0.0029817905828677612
2023-10-11,0.0028319458586466024
2023-10-12,-0.006686376114846088
2023-10-13,0.006136499252134943
2023-10-16,0.001170133692692331
2023-10-17,-0.00010151003076092643
2023-10-18,-0.005506871325353876
2023-10-19,-0.004735962007264874
2023-10-20,-0.005553859631591228
2023-10-23,-0.0028487073109187046
2023-10-24,0.0036800085927833365
2023-10-25,-0.00635524628549004
2023-10-26,-0.0010736600237461
2023-10-27,-0.003486173292477108
2023-10-30,0.0015993422975642795
2023-10-31,0.000917927799206416
2023-11-01,0.00626848381623487
2023-11-02,0.013981279399118468
2023-11-03,0.007686990822967088
2023-11-06,-0.003745182534546997
2023-11-07,-0.00030931750159745376
2023-11-08,-0.0013531048123599089
2023-11-09,-0.006078759415812312
2023-11-10,0.006985227305312936
2023-11-13,-0.0006008624273896015
2023-11-14,0.018499548744324253
2023-11-15,-0.0012066582922776986
2023-11-16,-0.0013694535813025437
2023-11-17,0.0030126981198702837
2023-11-20,0.00434120442186021
2023-11-21,-0.0020308277505782677
2023-11-22,0.0021868963859413377
2023-11-24,-0.0011619746143373898
2023-11-27,0.0007413521786749998
2023-11-28,0.0017428822955996284
2023-11-29,0.002684151901892785
2023-11-30,0.00021332807836120946
2023-12-01,0.008659585651355032
2023-12-04,-0.003172040952867138
2023-12-05,-0.0015919923490049397
2023-12-06,-0.0012665525291576116
2023-12-07,0.00323270582634319
2023-12-08,-0.0008771842553963211
2023-12-11,0.0026214664838499846
2023-12-12,0.00020201359580182256
2023-12-13,0.015608891220986092
2023-12-14,0.0082636293837356
2023-12-15,-0.002120325987851509
2023-12-18,0.0015527319404218215
2023-12-19,0.005890746876361933
2023-12-20,-0.007138090796691603
2023-12-21,0.0062285989814828266
2023-12-22,0.0006402122411094468
2023-12-26,0.003788643666378812
2023-12-27,0.001698285866942723
2023-12-28,-0.0011156391085740058
2023-12-29,-0.003064357460512437
2024-01-02,-0.00312453996894339
2024-01-03,-0.0036300555972779685
2024-01-04,-0.0032108542946173617
2024-01-05,-0.001090180387605865
2024-01-08,0.006596952818777085
2024-01-09,-0.0033155425823862073
2024-01-10,0.0001817078542433679
2024-01-11,0.0002269160064404367
2024-01-12,0.002631430239386202
2024-01-16,-0.005671552947331253
2024-01-17,-0.004054600046884998
2024-01-18,0.002613306086314524
2024-01-19,0.005737445085879597
2024-01-22,0.0016124812694871136
2024-01-23,-0.0004924975371737459
2024-01-24,0.00012885298977587543
2024-01-25,0.006116819845410881
2024-01-26,-0.0009549010786086966
2024-01-29,0.005393996677693569
2024-01-30,-0.0006310158255578128
2024-01-31,-0.004805841321390434
2024-02-01,0.008395950931340483
2024-02-02,-0.0029260314225298687
2024-02-05,-0.0066128268968729635
2024-02-06,0.0035157399078668567
2024-02-07,0.0024181645233175716
2024-02-08,0.0008393037069993652
2024-02-09,0.002452429868890103
2024-02-12,0.0028968714944696532
2024-02-13,-0.010909912677419482
2024-02-14,0.004613734810159433
2024-02-15,0.007394032528779659
2024-02-16,-0.0031145977456231403
2024-02-20,-0.0009410144823414451
2024-02-21,0.00037643866134809314
2024-02-22,0.008654380743602506
2024-02-23,-0.00012137399822988697
2024-02-26,-0.0022886520104794528
2024-02-27,0.0007032615381784606
2024-02-28,-0.00036522723386520935
2024-02-29,0.0028641360077610884
2024-03-01,0.00808251603588449
2024-03-04,0.001102578112833005
2024-03-05,-0.0015578912228753532
2024-03-06,0.006026539790726656
2024-03-07,0.005776365690031406
2024-03-08,-0.0019162209541799162
2024-03-11,-0.0007372670014537004
2024-03-12,0.0010052877726713237
2024-03-13,-0.00034294917723708753
2024-03-14,-0.00459435138390166
2024-03-15,-0.0016087085628867094
2024-03-18,0.0009617606162846356
2024-03-19,0.0021472188877212457
2024-03-20,0.005211494998959411
2024-03-21,0.0030204639839488514
2024-03-22,-0.0018823084429919373
2024-03-25,-0.0011238380691178471
2024-03-26,-0.0017527839985065046
2024-03-27,0.007781575405989928
2024-03-28,0.0026433884437243784
2024-04-01,-0.0029818676248998637
2024-04-02,-0.0027986271724028716
2024-04-03,0.001229585891371125
2024-04-04,-0.0037739850498667783
2024-04-05,0.004271031866934036
2024-04-08,-7.110974301570667e-05
2024-04-09,0.0028288287060950212
2024-04-10,-0.011012104591795177
2024-04-11,0.0022407176512833273
2024-04-12,-0.005683090850632498
2024-04-15,-0.00506734215411451
2024-04-16,-0.004729905996919175
2024-04-17,-0.0024577002984843286
2024-04-18,-0.0013244552820302557
2024-04-19,0.0008658173423770334
2024-04-22,0.0024079923414960006
2024-04-23,0.005322027543813555
2024-04-24,-0.0004332088492703275
2024-04-25,-0.0006316225587879797
2024-04-26,0.002467543117652125
2024-04-29,0.0034542276173041343
2024-04-30,-0.009901762047108449
2024-05-01,-0.0010772395305696878
2024-05-02,0.006389581550702163
2024-05-03,0.006440856995834838
2024-05-06,0.004856747930081644
2024-05-07,0.0016521088297367073
2024-05-08,-0.0014276286906596796
2024-05-09,0.00554376186422826
2024-05-10,-0.00012432463434364216
2024-05-13,0.000871201745491467
2024-05-14,0.0036448473246898524
2024-05-15,0.00807743386391243
2024-05-16,-0.0015415955936959515
2024-05-17,0.0008155034332012096
2024-05-20,0.00015205978869488275
2024-05-21,0.00019260220472185207
2024-05-22,-0.0033024573816080862
2024-05-23,-0.007067689890256841
2024-05-24,0.003237359778646273
2024-05-28,-0.0005316031989562875
2024-05-29,-0.007095323143268474
2024-05-30,0.0013717297073342044
2024-05-31,0.00546344823615752
2024-06-03,0.000283650986819855
2024-06-04,-0.000599014606150719
2024-06-05,0.006551493915263226
2024-06-06,-7.391852769482885e-05
2024-06-07,-0.0067714112046749755
2024-06-10,0.002465440250165745
2024-06-11,0.00033120451718085054
2024-06-12,0.004704910015478623
2024-06-13,0.0010336333892478938
2024-06-14,0.00043016301441023034
2024-06-17,0.0026019128314106925
2024-06-18,0.003548265834545043
2024-06-20,0.00030330358672400076
2024-06-21,-0.0027640024255035185
2024-06-24,0.0015088613668381703
2024-06-25,-0.0011030663594930954
2024-06-26,-0.003843091111622123
2024-06-27,0.0015398954471183537
2024-06-28,-0.0010025402469696785
2024-07-01,-0.0034418963769297633
2024-07-02,0.003500949412109996
2024-07-03,0.005000677341536668
2024-07-05,0.0029932780072519784
2024-07-08,-0.0004380036239424753
2024-07-09,-0.0006233793519395948
2024-07-10,0.006241701285715026
2024-07-11,0.004410990756695411
2024-07-12,0.004326387572524681
2024-07-15,0.0003397710837627077
2024-07-16,0.00819659812451105
2024-07-17,-0.00444702996917316
2024-07-18,-0.004774807281199757
2024-07-19,-0.004627609940073033
2024-07-22,0.0042472603742304835
2024-07-23,-0.0025310531700763685
2024-07-24,-0.005330567749391075
2024-07-25,-0.0004170467375946764
2024-07-26,0.006448926200002431
2024-07-29,-0.001563529179744507
2024-07-30,0.00043692314807714536
2024-07-31,0.010304874651771212
2024-08-01,-0.005568610154654451
2024-08-02,0.0005503647042537018
2024-08-05,-0.0027454226690502783
2024-08-06,-0.0033388554652642763
2024-08-07,-0.004300051546665462
2024-08-08,0.010750915241182431
2024-08-09,-0.0014822871075331296
2024-08-12,0.0005699386994001984
2024-08-13,0.006219839286365671
2024-08-14,-0.00088980791383583
2024-08-15,0.006900972006697581
2024-08-16,0.002818513158294955
2024-08-19,0.005016647314437739
2024-08-20,-0.0006950802209029522
2024-08-21,0.004187717764239594
2024-08-22,-0.004177711673359031
2024-08-23,0.00849776455933665
2024-08-26,-0.0011990770225043092
2024-08-27,-0.00046962094472496695
2024-08-28,-0.002018747739413382
2024-08-29,-0.0001877308338307314
2024-08-30,0.0026743361546979014
2024-09-03,-0.004064515599264286
2024-09-04,0.0015190209735563918
2024-09-05,-0.0031691573123773433
2024-09-06,-0.006745382447489598
2024-09-09,0.004668455241401213
2024-09-10,0.0009584182727593813
2024-09-11,0.0027342807400514996
2024-09-12,0.004454599416036737
2024-09-13,0.005817719339660703
2024-09-16,0.003706772130723231
2024-09-17,0.0003514802845688836
2024-09-18,-0.003668768734097739
2024-09-19,0.008104253949532136
2024-09-20,-0.0011184043972694818
2024-09-23,0.00243692761331569
2024-09-24,0.003314272450468497
2024-09-25,-0.0038475023325485603
2024-09-26,0.0037622654193328964
2024-09-27,0.002648720642534408
2024-09-30,-0.0006620490811904086
2024-10-01,0.000982028701536324
2024-10-02,0.0005753652508391561
2024-10-03,-0.0008646459320861239
2024-10-04,0.0013793233028744185
2024-10-07,-0.0015290873066554863
2024-10-08,-0.0007861632653861141
2024-10-09,0.0010524190604103221
2024-10-10,-0.00024032306040271554
2024-10-11,0.005322783157186958
2024-10-14,0.0019433305526317735
2024-10-15,-0.004105316579837359
2024-10-16,0.00421038416253565
2024-10-17,-0.0019030303894906361
2024-10-18,0.0014374089687031505
2024-10-21,-0.005673572643210651
2024-10-22,-0.0001682107912575557
2024-10-23,-0.00270943640131448
2024-10-24,0.0008349199946673916
2024-10-25,-0.0004486667515419205
2024-10-28,-0.0004879366751995487
2024-10-29,-0.000772240186446539
2024-10-30,-0.0008690978905893481
2024-10-31,-0.004943153979645023
2024-11-01,-0.0018015719346778426
2024-11-04,0.0009555902545523891
2024-11-05,0.005973913546714504
2024-11-06,0.0037230858215809887
2024-11-07,0.005263922771998233
2024-11-08,0.0018131380672613627
2024-11-11,-0.001972440761417219
2024-11-12,-0.006990360387246216
2024-11-13,-0.002714844544963467
2024-11-14,-0.0032637903246520604
2024-11-15,-0.0033422305169927453
2024-11-18,0.003838952375432617
2024-11-19,0.00304937011358935
2024-11-20,0.0014559130485322742
2024-11-21,0.005499857319266954
2024-11-22,0.0022909174039741314
2024-11-25,0.0022449580713757022
2024-11-26,-8.921680410068183e-05
2024-11-27,-2.5633247436517636e-05
2024-11-29,0.0037420387262379253
2024-12-02,-0.0012318044727497503
2024-12-03,-0.0014179942744915147
2024-12-04,0.0020789487512994863
2024-12-05,-0.0015923807268484152
2024-12-06,-0.0010372669049988424
2024-12-09,-0.0010036452436532578
2024-12-10,-0.0044775147100134145
2024-12-11,0.0018482817323227806
2024-12-12,-0.0046918807510082676
2024-12-13,-0.0009358474112274689
2024-12-16,0.00021489635452025688
2024-12-17,-0.0027414902109803192
2024-12-18,-0.014539097630632164
2024-12-19,-0.000195652487550414
2024-12-20,0.0027969548194344543
2024-12-23,-0.00028677867079496266
2024-12-24,0.003912159217629685
2024-12-26,0.001426721842650871
2024-12-27,-0.0038148154968040042
2024-12-30,-0.0032359279402458378
2024-12-31,0.000978735985519188
2025-01-02,0.0008206726677735407
2025-01-03,0.0037248430776306075
2025-01-06,0.0006796234683518276
2025-01-07,-0.002791599438055943
2025-01-08,0.0005790154952534099
2025-01-10,-0.006572965227668286
2025-01-13,0.0005146737548414614
2025-01-14,0.0027667547509324843
2025-01-15,0.00887762904164245
2025-01-16,0.0031979678195796024
2025-01-17,0.004403770317383474
2025-01-21,0.006484758803363568
2025-01-22,-0.0009849871791755005
2025-01-23,0.0014284041856702972
2025-01-24,-0.00016269127446120498
2025-01-27,-0.0037250748062918632
2025-01-28,-0.0005541394876899396
2025-01-29,-0.0020087160018345753
2025-01-30,0.0066516790577273175
2025-01-31,-0.0037075538599028726
2025-02-03,-0.0015608602009377387
2025-02-04,0.0035225905267863345
2025-02-05,0.005815952820733439
2025-02-06,-0.0004850145065843206
2025-02-07,-0.0037124866189495024
2025-02-10,0.004402186167829189
2025-02-11,0.000572828329049204
2025-02-12,-0.00451117081338015
2025-02-13,0.007113565923648734
2025-02-14,-0.00014863048281199936
2025-02-18,0.0033246350044992793
2025-02-19,0.0013791001984442544
2025-02-20,5.943319969105442e-06
2025-02-21,-0.004766804660110724
2025-02-24,-0.001648391004771861
2025-02-25,0.0003441515067447854
2025-02-26,-0.00024342380804714384
2025-02-27,-0.007090414148338415
2025-02-28,0.00719101197180608
2025-03-03,-0.004310528278654443
2025-03-04,-0.005404497919447434
2025-03-05,0.0032852137899622063
2025-03-06,-0.0055864667520403345
2025-03-07,0.0034400910988993004
2025-03-10,-0.006887207892249185
2025-03-11,-0.0044082022085183145
2025-03-12,-0.001266624534799352
2025-03-13,-0.0030278427441570548
2025-03-14,0.00871690910234861
2025-03-17,0.0060825287096471945
2025-03-18,-0.00272649017972791
2025-03-19,0.0049709733153469856
2025-03-20,-0.0022367539651973103
2025-03-21,-0.0032404817546777685
2025-03-24,0.005252230424464754
2025-03-25,-0.0009319590747284202
2025-03-26,-0.0034823757714581532
2025-03-27,-0.0011895795029923317
2025-03-28,-0.0030839353035202353
2025-03-31,0.004940734332437266
2025-04-01,0.0017138575645356201
2025-04-02,0.0028277795704961806
2025-04-03,-0.017116554698659015
2025-04-04,-0.029865864678235158
2025-04-07,-0.009925949779725492
2025-04-08,-0.0070251270460853854
2025-04-09,0.04591565955291518
2025-04-10,-0.016347251915759455
2025-04-11,0.010611680835823109
2025-04-14,0.0037181614502031215
2025-04-15,0.0006688312929780805
2025-04-16,-0.0037016669081367305
2025-04-17,0.0024918127221099993
2025-04-21,-0.009798369595476458
2025-04-22,0.01107474927764165
2025-04-23,0.004773639080260245
2025-04-24,0.011087768969551104
2025-04-25,0.0006515183836981234
2025-04-28,0.0027009886217849435
2025-04-29,0.0025868358301100514
2025-04-30,-0.0006920092035450363
2025-05-01,-0.0014206815665620772
2025-05-02,0.007709900971928463
2025-05-05,-0.0015798119360562785
2025-05-06,-0.0006547822262448173
2025-05-07,0.0007940556840234417
2025-05-08,-0.0002949735848389331
2025-05-09,0.0007883849805787717
2025-05-12,0.009167805921796737
2025-05-13,0.001953143825367315
2025-05-14,-0.002966956547644305
2025-05-15,0.005853066901992334
2025-05-16,0.0035539094884287693
2025-05-19,0.0010368167718972604
2025-05-20,-0.0007928086180118631
2025-05-21,-0.00975121312249858
2025-05-22,-0.001592679155775962
2025-05-23,0.0024243181463579028
2025-05-27,0.006988316495572717
2025-05-28,-0.004871190073471959
2025-05-29,0.0038976143634698378
2025-05-30,-0.0006711174162610743
2025-06-02,0.0035459119837516024
2025-06-03,0.0028994148611006646
2025-06-04,0.0009149270305552099
2025-06-05,-0.0013864611462386877
2025-06-06,0.0020931215107390226
2025-06-09,0.0013673970595020509
2025-06-10,0.004527969967608966
2025-06-11,0.0012007249882128484
2025-06-12,0.004634532368341843
2025-06-13,-0.0032319643921229213
2025-06-16,0.0005412075496475626
2025-06-17,-0.0008354897354078893
2025-06-18,-0.0004952031463211636
2025-06-20,-5.992135073248246e-05
2025-06-23,0.0033188374747531676
2025-06-24,0.003459406210981244
2025-06-25,-0.0027299893556064366
2025-06-26,0.005373934492178665
2025-06-27,-0.00045291865331553716
2025-06-30,0.00386715487531968
2025-07-01,0.002957041267171855
2025-07-02,0.003430856524737096
2025-07-03,0.0021584962925666456
2025-07-07,-0.0056089754651719665
2025-07-08,0.00022386412085018126
2025-07-09,0.0023316957816828347
2025-07-10,0.0020175118049258122
2025-07-11,-0.0029743027250685545
2025-07-14,0.0006973737481846667
2025-07-15,-0.0057969673885238885
2025-07-16,0.003121017719675273
2025-07-17,0.0036976547203547362
2025-07-18,-0.0007981071710653937
2025-07-21,0.0011460032620438797
2025-07-22,0.0034451239075016546
2025-07-23,0.0021524582724388288
2025-07-24,-0.0018273479910473536
2025-07-25,0.0010763751025285864
2025-07-28,-0.0030647374172993284
2025-07-29,0.0035878801363465234
2025-07-30,-0.0033952952466963582
2025-07-31,-0.0053311117405808435
2025-08-01,-0.0008654831781841535
2025-08-04,0.00606053456366255
2025-08-05,-0.0012661907908354684
2025-08-06,-0.000562953978786707
2025-08-07,0.0011023163391694968
2025-08-08,0.0008419068682624615
2025-08-11,-0.0017634198265457856
2025-08-12,0.005461604967146523
2025-08-13,0.005298680729643782
2025-08-14,-0.002851409311709781
2025-08-15,-0.0017956781120602766
2025-08-18,-0.0013317085262753302
2025-08-19,-7.202857709917672e-05
2025-08-20,0.000875342889682576
2025-08-21,-0.0017620077658557316
2025-08-22,0.008858080538111197
2025-08-25,-0.004166677688903285
2025-08-26,0.0017089282988400967
2025-08-27,0.0021644419742415473
2025-08-28,0.001263244178446358
2025-08-29,-0.0013862009873703007
2025-09-02,-0.0017369102489460779
2025-09-03,-0.0002480615111009361
2025-09-04,0.003452207634678737
2025-09-05,0.0020832766500831633
2025-09-08,0.0018620372012241354
2025-09-09,-6.679558340319812e-05
2025-09-10,0.002772564233033966
2025-09-11,0.005745045033475688
2025-09-12,-0.0023134540011159025
2025-09-15,0.002279602211632726
2025-09-16,0.0008633679874588349
2025-09-17,-0.001749390918745482
2025-09-18,0.0024249151488661288
2025-09-19,-0.0005126845081910207
2025-09-22,0.0028851383380894967
2025-09-23,0.001562432503082312
2025-09-24,-0.0023925154998949505
2025-09-25,-0.002658535245390354
2025-09-26,0.0027655643005662194
2025-09-29,0.002184404742130805
2025-09-30,0.002250056634227669
2025-10-01,0.00423322923696881
2025-10-02,0.0006827650474676858
2025-10-03,0.0017455426809621605
2025-10-06,0.0017024163814190224
2025-10-07,-0.0006668332579300976
2025-10-08,0.0029157188563030552
2025-10-09,-0.004069649105117615
2025-10-10,-0.009169106680067832
2025-10-13,0.007992976704094636
2025-10-14,0.0032619254989215657
2025-10-15,0.0049714557097892504
2025-10-16,0.0006682900481376591
2025-10-17,-0.0014035106135171398
2025-10-20,0.0050672832747892865
2025-10-21,-0.003931973494224423
2025-10-22,-0.0010312075212013383
2025-10-23,0.0030074854463926865
2025-10-24,0.0034315339592908556
2025-10-27,0.0027071822643872073
2025-10-28,-0.0014711710940332285
2025-10-29,-0.0032861393193732522
2025-10-30,-0.0031603702978907585
2025-10-31,0.0007066078004354027
2025-11-03,-0.0005727611430667444
2025-11-04,-0.004958562669271339
2025-11-05,0.0013247525899669967
2025-11-06,-0.002056427416740296
2025-11-07,0.00292156420114822
2025-11-10,0.005418430855769602
2025-11-11,0.0033736377958678222
2025-11-12,0.001357955195921033
2025-11-13,-0.006738281026059475
2025-11-14,-0.0013552361945359018
2025-11-17,-0.004805853596102524
2025-11-18,6.74412635667216e-05
2025-11-19,-0.0012383398672853147
2025-11-20,-0.005592395941298467
2025-11-21,0.005265349997344891
2025-11-24,0.004903092008558579
2025-11-25,0.004909601565419358
2025-11-26,0.005008345042165086
2025-11-28,0.0033017080841224533
2025-12-01,-0.004357756614478409
2025-12-02,-0.0007727495838598396
2025-12-03,0.004222160520704565
2025-12-04,-0.0007900415333971234
2025-12-05,-0.00045888652268284653
2025-12-08,-0.0028201306113219676
2025-12-09,-0.00037030279888603066
2025-12-10,0.0052815441717629676
2025-12-11,0.0019209990346899576
2025-12-12,-0.006874088826443466
2025-12-15,-4.176292940650078e-05
2025-12-16,-0.003566166264117891
2025-12-17,-0.002557823860487717
2025-12-18,0.0018302216079957455
2025-12-19,0.0022853273558047743
2025-12-22,0.003849388138738367
2025-12-23,0.0021629492489918904
2025-12-24,0.002491361494390906
2025-12-26,0.0006140259344141944
2025-12-29,-0.003166107923321328
2025-12-30,-0.0007863225840142318
2025-12-31,-0.005322402921461229
2026-01-02,0.00498545142345331
2026-01-05,0.007014853122247719
2026-01-06,0.004130427571355384
2026-01-07,-0.0033852563761973503
2026-01-08,0.002053032433175205
2026-01-09,0.004324888310529795
2026-01-12,0.002441385787514183
2026-01-13,0.0014247426820049869
2026-01-14,0.0033139401059069594
2026-01-15,0.0006577835542342006
2026-01-16,-0.000673375115596761
2026-01-20,-0.0036476282654613087
2026-01-21,0.006266214681960206
2026-01-22,0.0012798298468356423
2026-01-23,0.0009672996194121442
2026-01-26,0.0026350625056151935
2026-01-27,0.004576629441641163
2026-01-28,0.001288697199498247
2026-01-29,0.001475662009416642
2026-01-30,-0.0074980966299833226
2026-02-02,-0.0024302833686996937
2026-02-03,0.004156858008017472
2026-02-04,-7.232866011004599e-05
2026-02-05,-0.0032590134405815945
2026-02-06,0.013212186464623058
2026-02-09,0.002373684779379148
2026-02-10,0.0008682886183749112
2026-02-11,0.003010470809008836
2026-02-12,-0.0052491903546409945
2026-02-13,0.006183249658843258
2026-02-17,-0.003106741460589382
2026-02-18,0.0034008190670098758
2026-02-19,0.000538894817623994
2026-02-20,0.003170189377110582
2026-02-23,-0.0008104797143555383
2026-02-24,0.0024777168431674513
2026-02-25,0.0019037848149005459
2026-02-26,-0.0008250098007758873
2026-02-27,0.0021881622962642957
2026-03-02,4.1753798044278865e-05
2026-03-03,-0.008788610138709903
2026-03-04,0.0025544702019324843
2026-03-05,-0.004248943542461035
2026-03-06,-0.0009050621387381728
2026-03-09,0.0020265277116543468
2026-03-10,9.492394076164255e-05
2026-03-11,-0.002688404411030986
2026-03-12,-0.006346713608479646
2026-03-13,-0.001476333618197124
2026-03-16,0.0037295473615007965
2026-03-17,0.0024601823173553646
2026-03-18,-0.006653453066399146
2026-03-19,-0.0023459673310220457
2026-03-20,-0.011636082201259966
2026-03-23,0.004688237014150289
2026-03-24,0.000874904234446625
2026-03-25,0.0051764037218569574
2026-03-26,-0.007933117883638159
2026-03-27,-0.0016531363490797015
2026-03-30,-0.0009486296693257056
2026-03-31,0.012219124883050169
2026-04-01,0.0017989069126595155
2026-04-02,0.001971668498582163
2026-04-06,0.001444661480727619
2026-04-07,0.0021044048247114296
2026-04-08,0.010833884474484497
2026-04-09,0.0010325757449792651
2026-04-10,-0.0018393741381319475
2026-04-13,0.004092015161688066
2026-04-14,0.005134252506344805
2026-04-15,0.00044487431712783863
2026-04-16,0.0017278397697849553
2026-04-17,0.006810618859583504
2026-04-20,-3.293295360566271e-05
2026-04-21,-0.00461366010168026
2026-04-22,0.00482536349998745
2026-04-23,0.00045648218002143973
2026-04-24,0.0045956142897807094
2026-04-27,-0.002194922145903616
2026-04-28,-0.0031418676207108347
2026-04-29,0.00022593017103060602
2026-04-30,0.008641517691760041
2026-05-01,0.0002480665615349764
2026-05-04,-0.0033628532258148888
2026-05-05,0.006538618253456497
2026-05-06,0.006538895048757901
2026-05-07,-0.005915396474639253
2026-05-08,0.00583199657903786
2026-05-11,0.0029244022811979425
2026-05-12,-0.002730670557549348
2026-05-13,0.0017666524629329724
2026-05-14,0.0014379330669980245
2026-05-15,-0.009970184140068828
2026-05-18,0.0009037398559498715
2026-05-19,-0.0023493967941930925
2026-05-20,0.0066679128796259925
2026-05-21,0.0005799301742565082
2026-05-22,0.00417464233365219
2026-05-26,0.003600525922960168
2026-05-27,-0.0033176807836597395
2026-05-28,0.002104745313846443
2026-05-29,-0.0009631663957188599
2026-06-01,0.000515670296040371
2026-06-02,0.004432077762582262
2026-06-03,-0.0025416267889425913
2026-06-04,0.0019383928377483951
2026-06-05,-0.014126104688238602
2026-06-08,0.0024581240378556825
2026-06-09,0.0010336992888748521
2026-06-10,-0.005144416562814682
2026-06-11,0.011257202987838572
2026-06-12,0.0023399141444532755
2026-06-15,0.003471693239481002
2026-06-16,-0.003651004698533622
2026-06-17,-0.006489366594321353
2026-06-18,0.005014479002820838
2026-06-22,0.0006755452442335832
2026-06-23,-0.005264810304201665
2026-06-24,-0.0009480267666473609
2026-06-25,0.004162097258301258
2026-06-26,-0.0003018306719429123
2026-06-29,0.002253886824692259
2026-06-30,-0.0001063475718485445
2026-07-01,-0.004141987120164237
2026-07-02,0.0018177853403337333
2026-07-06,0.002765984340479347
2026-07-07,-0.003224516208374644
2026-07-08,-0.001276957309155186
2026-07-09,0.0031651168819750337
2026-07-10,0.0005712908900278236
2026-07-13,-0.0028300445068962367
2026-07-14,0.002227723070963677
2026-07-15,-0.0006861155911262825
2026-07-16,0.0003898057214351757
2026-07-17,-0.0015367113240992675
2026-07-20,-0.003030826380336896
2026-07-21,0.0057992291806422056
2026-07-22,0.0010950291964208893
2026-07-23,-0.0027408997899250466
2026-07-24,0.00027182672651367097
2026-07-27,-0.0009839704612178825
2026-07-28,-0.0007035985039054104
2026-07-29,-0.005280002698694656
2026-07-30,0.005751472002777407
2026-07-31,-0.001831539101915408
2026-08-03,0.0034404773679859667
2026-08-04,0.010388052727838321
2026-08-05,-0.0015930476732830775
2026-08-06,-0.0015612384049437675
2026-08-07,0.005487386242084236
2026-08-10,0.0003462285044053433
2026-08-11,0.00032670815476140415
2026-08-12,0.003069249656693678
2026-08-13,0.0034828137197773336
2026-08-14,-0.00043958294607097985
2026-08-17,-0.0007393645991953438
2026-08-18,-0.0038436619092574722
2026-08-19,0.004065764045953521
2026-08-20,-0.003992962516114784
2026-08-21,0.0020028729026679046
2026-08-24,-0.0008988101460697893
2026-08-25,0.0017118581217284558
2026-08-26,-0.001143927346811335
2026-08-27,0.0007499279383532943
2026-08-28,-0.004879629105843394
2026-08-31,-0.001521869915019638
2026-09-01,-0.002824657823788957
2026-09-02,0.0024207600847584213
2026-09-03,0.003998687558950578
2026-09-04,-0.0004388619150410747
2026-09-08,-0.0018141957020631923
2026-09-09,-0.0026176792504783077
2026-09-10,-0.005658108704957356
2026-09-11,0.0018748467507168918
2026-09-14,-0.004560594872559565
2026-09-15,-0.0012038686758290963
2026-09-16,-0.003624705463167786
2026-09-17,0.006117554792214373
2026-09-18,-0.0014515469817812127
2026-09-21,0.005795747250148688
2026-09-22,-8.597825935108654e-05
2026-09-23,-0.006963985564683557
2026-09-24,-0.0023855996144023497
2026-09-25,0.0018495576855706059
