,start,end,n_obs,n_missing,pct_missing,min,max,n_zero_ret,n_large_ret
SPY,2018-01-25 00:00:00,2026-09-25 00:00:00,2179,0,0.0,203.9119110107422,775.9531860351562,4,0
QQQ,2018-01-25 00:00:00,2026-09-25 00:00:00,2179,0,0.0,136.8701934814453,747.4600219726562,1,0
IWM,2018-01-25 00:00:00,2026-09-25 00:00:00,2179,0,0.0,92.00003814697266,304.2952575683594,3,0
TLT,2018-01-25 00:00:00,2026-09-25 00:00:00,2179,0,0.0,73.12675476074219,141.58448791503906,7,0
GLD,2018-01-25 00:00:00,2026-09-25 00:00:00,2179,0,0.0,111.0999984741211,495.8999938964844,6,0
EFA,2018-01-25 00:00:00,2026-09-25 00:00:00,2179,0,0.0,38.26845169067383,108.80999755859376,14,0
EEM,2018-01-25 00:00:00,2026-09-25 00:00:00,2179,0,0.0,26.664915084838867,71.20999908447266,13,0
DBC,2018-01-25 00:00:00,2026-09-25 00:00:00,2179,0,0.0,9.136448860168455,33.68000030517578,40,0
VNQ,2018-01-25 00:00:00,2026-09-25 00:00:00,2179,0,0.0,44.443397521972656,100.08197021484376,10,0
XLE,2018-01-25 00:00:00,2026-09-25 00:00:00,2179,0,0.0,9.124841690063477,65.5404281616211,12,1
XLF,2018-01-25 00:00:00,2026-09-25 00:00:00,2179,0,0.0,15.729269981384276,58.353477478027344,19,0
XLK,2018-01-25 00:00:00,2026-09-25 00:00:00,2179,0,0.0,26.908985137939453,197.74319458007807,4,0
XLV,2018-01-25 00:00:00,2026-09-25 00:00:00,2179,0,0.0,67.21479797363281,175.0102081298828,8,0
XLU,2018-01-25 00:00:00,2026-09-25 00:00:00,2179,0,0.0,18.097063064575195,46.754093170166016,19,0
IEI,2018-01-25 00:00:00,2026-09-25 00:00:00,2179,0,0.0,99.01612091064452,118.1479949951172,37,0
VIG,2018-01-25 00:00:00,2026-09-25 00:00:00,2179,0,0.0,79.17805480957031,246.6100006103516,9,0
SCHD,2018-01-25 00:00:00,2026-09-25 00:00:00,2179,0,0.0,10.37136936187744,34.931365966796875,19,0
MDY,2018-01-25 00:00:00,2026-09-25 00:00:00,2179,0,0.0,204.7953948974609,715.1921997070312,2,0
IEF,2018-01-25 00:00:00,2026-09-25 00:00:00,2179,0,0.0,79.8343734741211,104.94137573242188,17,0
AGG,2018-01-25 00:00:00,2026-09-25 00:00:00,2179,0,0.0,81.25930786132812,99.62272644042967,21,0
VXX,2018-01-25 00:00:00,2026-09-25 00:00:00,2179,0,0.0,17.149999618530273,4416.0,19,12
VTI,2018-01-25 00:00:00,2026-09-25 00:00:00,2179,0,0.0,101.85472869873048,384.2999877929688,7,0
VEA,2018-01-25 00:00:00,2026-09-25 00:00:00,2179,0,0.0,23.80950164794922,73.60795593261719,18,0
VWO,2018-01-25 00:00:00,2026-09-25 00:00:00,2179,0,0.0,25.333208084106445,61.32308578491211,9,0
GOVT,2018-01-25 00:00:00,2026-09-25 00:00:00,2179,0,0.0,19.566255569458008,24.177793502807617,111,0
SHY,2018-01-25 00:00:00,2026-09-25 00:00:00,2179,0,0.0,68.73513793945312,81.83543395996094,166,0
BIL,2018-01-25 00:00:00,2026-09-25 00:00:00,2179,0,0.0,73.62004089355469,91.62000274658205,610,0
LQD,2018-01-25 00:00:00,2026-09-25 00:00:00,2179,0,0.0,82.82829284667969,111.46942138671876,16,0
HYG,2018-01-25 00:00:00,2026-09-25 00:00:00,2179,0,0.0,48.33198547363281,79.4843978881836,23,0
SMH,2018-01-25 00:00:00,2026-09-25 00:00:00,2179,0,0.0,38.427921295166016,668.9099731445312,3,0
XLP,2018-01-25 00:00:00,2026-09-25 00:00:00,2179,0,0.0,38.947845458984375,88.30863952636719,19,0
