name,AnnRet%,AnnVol%,Sharpe,MaxDD%,days,Calmar
SMA200,10.73,11.36,0.95,-21.55,3668,0.4979118329466357
GEM,5.47,12.42,0.49,-26.77,3668,0.2043332088158386
TSMOM+RP,0.67,1.84,0.38,-7.03,3668,0.09530583214793742
XSec Mom,13.97,17.76,0.83,-31.12,3668,0.44890745501285345
SMA200 AC,10.73,11.36,0.95,-21.55,3668,0.4979118329466357
XSec Mom AC,13.96,17.76,0.83,-31.12,3668,0.448586118251928
SMA200 BS-Hedge,9.49,10.51,0.92,-19.14,3668,0.49582027168234066
SMA200 Vol-Opt,8.27,10.68,0.8,-15.6,3668,0.5301282051282051
XSec Mom Alt,13.97,17.76,0.83,-31.12,3668,0.44890745501285345
WF Model Select,6.8,11.27,0.64,-25.19,3668,0.2699483922191346
