SMA_window,split,Sharpe,AnnRet%,MaxDD%,NW_t
50,IS,-0.41,-3.51,-28.74,-1.05
50,OOS,0.33,3.94,-34.97,0.98
100,IS,0.09,0.74,-22.09,0.23
100,OOS,0.44,5.19,-28.98,1.25
150,IS,0.37,3.12,-20.91,0.98
150,OOS,0.62,7.23,-29.28,1.81
200,IS,0.13,1.14,-21.04,0.35
200,OOS,0.57,6.17,-32.43,1.6
250,IS,0.17,1.5,-20.42,0.46
250,OOS,0.58,6.22,-28.81,1.65
300,IS,0.19,1.63,-20.19,0.51
300,OOS,0.61,6.56,-28.39,1.68
350,IS,0.24,2.05,-20.35,0.65
350,OOS,0.56,5.96,-29.02,1.51
400,IS,0.2,1.69,-18.54,0.56
400,OOS,0.49,5.28,-33.39,1.32
