Period,Window,Kelly,OOS_Sharpe
2014-02-28 to 2014-05-29,200,2.0,0.0
2014-03-31 to 2014-06-27,200,2.0,0.0
2014-04-30 to 2014-07-29,200,2.0,0.0
2014-05-30 to 2014-08-27,200,2.0,0.0
2014-06-30 to 2014-09-26,200,2.0,0.0
2014-07-30 to 2014-10-27,200,2.0,0.0
2014-08-28 to 2014-11-25,200,2.0,0.0
2014-09-29 to 2014-12-26,200,2.0,0.0
2014-10-28 to 2015-01-28,200,2.0,0.0
2014-11-26 to 2015-02-27,200,2.0,0.0
2014-12-29 to 2015-03-30,200,2.0,0.0
2015-01-29 to 2015-04-29,200,2.0,0.0
2015-03-02 to 2015-05-29,200,2.0,0.0
2015-03-31 to 2015-06-29,200,2.0,0.0
2015-04-30 to 2015-07-29,200,2.0,0.0
2015-06-01 to 2015-08-27,200,2.0,0.0
2015-06-30 to 2015-09-28,200,2.0,0.0
2015-07-30 to 2015-10-27,200,2.0,0.0
2015-08-28 to 2015-11-25,200,2.0,0.0
2015-09-29 to 2015-12-28,200,2.0,0.0
2015-10-28 to 2016-01-28,200,2.0,0.0
2015-11-27 to 2016-02-29,200,2.0,0.0
2015-12-29 to 2016-03-30,200,2.0,0.0
2016-01-29 to 2016-04-28,200,2.0,0.0
2016-03-01 to 2016-05-27,200,2.0,0.0
2016-03-31 to 2016-06-28,200,2.0,0.0
2016-04-29 to 2016-07-28,200,2.0,0.0
2016-05-31 to 2016-08-26,200,2.0,0.0
2016-06-29 to 2016-09-27,200,2.0,0.0
2016-07-29 to 2016-10-26,200,2.0,0.0
2016-08-29 to 2016-11-25,200,2.0,0.0
2016-09-28 to 2016-12-27,200,2.0,0.0
2016-10-27 to 2017-01-27,200,2.0,0.0
2016-11-28 to 2017-02-28,200,2.0,0.0
2016-12-28 to 2017-03-29,200,2.0,0.0
2017-01-30 to 2017-04-28,200,2.0,0.0
2017-03-01 to 2017-05-30,200,2.0,0.0
2017-03-30 to 2017-06-28,200,2.0,0.0
2017-05-01 to 2017-07-28,200,2.0,0.0
2017-05-31 to 2017-08-28,200,2.0,0.0
2017-06-29 to 2017-09-27,200,2.0,0.0
2017-07-31 to 2017-10-26,200,2.0,0.0
2017-08-29 to 2017-11-27,200,2.0,0.0
2017-09-28 to 2017-12-27,200,2.0,0.0
2017-10-27 to 2018-01-29,200,2.0,0.0
2017-11-28 to 2018-02-28,200,2.0,0.0
2017-12-28 to 2018-03-29,200,2.0,0.0
2018-01-30 to 2018-04-30,200,2.0,0.0
2018-03-01 to 2018-05-30,200,2.0,0.0
2018-04-02 to 2018-06-28,200,2.0,0.0
2018-05-01 to 2018-07-30,200,2.0,0.0
2018-05-31 to 2018-08-28,200,2.0,0.0
2018-06-29 to 2018-09-27,200,2.0,0.0
2018-07-31 to 2018-10-26,200,2.0,0.0
2018-08-29 to 2018-11-27,200,2.0,0.0
2018-09-28 to 2018-12-28,200,2.0,0.0
2018-10-29 to 2019-01-30,200,2.0,0.0
2018-11-28 to 2019-03-01,200,2.0,0.0
2018-12-31 to 2019-04-01,200,2.0,0.0
2019-01-31 to 2019-05-01,200,2.0,0.0
2019-03-04 to 2019-05-31,200,2.0,0.0
2019-04-02 to 2019-07-01,200,2.0,0.0
2019-05-02 to 2019-07-31,200,2.0,0.0
2019-06-03 to 2019-08-29,200,2.0,0.0
2019-07-02 to 2019-09-30,200,2.0,0.0
2019-08-01 to 2019-10-29,200,2.0,0.0
2019-08-30 to 2019-11-27,200,2.0,0.0
2019-10-01 to 2019-12-30,200,2.0,0.0
2019-10-30 to 2020-01-30,200,2.0,0.0
2019-11-29 to 2020-03-02,200,2.0,0.0
2019-12-31 to 2020-03-31,200,2.0,0.0
2020-01-31 to 2020-04-30,200,2.0,0.0
2020-03-03 to 2020-06-01,200,2.0,0.0
2020-04-01 to 2020-06-30,200,2.0,0.0
2020-05-01 to 2020-07-30,200,2.0,0.0
2020-06-02 to 2020-08-28,200,2.0,0.0
2020-07-01 to 2020-09-29,200,2.0,0.0
2020-07-31 to 2020-10-28,200,2.0,0.0
2020-08-31 to 2020-11-27,200,2.0,0.0
2020-09-30 to 2020-12-29,200,2.0,0.0
2020-10-29 to 2021-01-29,200,2.0,0.0
2020-11-30 to 2021-03-02,200,2.0,0.0
2020-12-30 to 2021-03-31,200,2.0,0.0
2021-02-01 to 2021-04-30,200,2.0,0.0
2021-03-03 to 2021-06-01,200,2.0,0.0
2021-04-01 to 2021-06-30,200,2.0,0.0
2021-05-03 to 2021-07-30,200,2.0,0.0
2021-06-02 to 2021-08-30,200,2.0,0.0
2021-07-01 to 2021-09-29,200,2.0,0.0
2021-08-02 to 2021-10-28,200,2.0,0.0
2021-08-31 to 2021-11-29,200,2.0,0.0
2021-09-30 to 2021-12-29,200,2.0,0.0
2021-10-29 to 2022-01-28,200,2.0,0.0
2021-11-30 to 2022-03-01,200,2.0,0.0
2021-12-30 to 2022-03-30,200,2.0,0.0
2022-01-31 to 2022-04-29,200,2.0,0.0
2022-03-02 to 2022-05-31,200,2.0,0.0
2022-03-31 to 2022-06-30,200,2.0,0.0
2022-05-02 to 2022-08-01,200,2.0,0.0
2022-06-01 to 2022-08-30,200,2.0,0.0
2022-07-01 to 2022-09-29,200,2.0,0.0
2022-08-02 to 2022-10-28,200,2.0,0.0
2022-08-31 to 2022-11-29,200,2.0,0.0
2022-09-30 to 2022-12-29,200,2.0,0.0
2022-10-31 to 2023-01-31,200,2.0,0.0
2022-11-30 to 2023-03-02,200,2.0,0.0
2022-12-30 to 2023-03-31,200,2.0,0.0
2023-02-01 to 2023-05-02,200,2.0,0.0
2023-03-03 to 2023-06-01,200,2.0,0.0
2023-04-03 to 2023-07-03,200,2.0,0.0
2023-05-03 to 2023-08-02,200,2.0,0.0
2023-06-02 to 2023-08-31,200,2.0,0.0
2023-07-05 to 2023-10-02,200,2.0,0.0
2023-08-03 to 2023-10-31,200,2.0,0.0
2023-09-01 to 2023-11-30,200,2.0,0.0
2023-10-03 to 2024-01-02,200,2.0,0.0
2023-11-01 to 2024-02-01,200,2.0,0.0
2023-12-01 to 2024-03-04,200,2.0,0.0
2024-01-03 to 2024-04-03,200,2.0,0.0
2024-02-02 to 2024-05-02,200,2.0,0.0
2024-03-05 to 2024-06-03,200,2.0,0.0
2024-04-04 to 2024-07-03,200,2.0,0.0
2024-05-03 to 2024-08-02,200,2.0,0.0
2024-06-04 to 2024-09-03,200,2.0,0.0
2024-07-05 to 2024-10-02,200,2.0,0.0
2024-08-05 to 2024-10-31,200,2.0,0.0
2024-09-04 to 2024-12-02,200,2.0,0.0
2024-10-03 to 2025-01-02,200,2.0,0.0
2024-11-01 to 2025-02-04,200,2.0,0.0
2024-12-03 to 2025-03-06,200,2.0,0.0
2025-01-03 to 2025-04-04,200,2.0,0.0
2025-02-05 to 2025-05-06,200,2.0,0.0
2025-03-07 to 2025-06-05,200,2.0,0.0
2025-04-07 to 2025-07-08,200,2.0,0.0
2025-05-07 to 2025-08-06,200,2.0,0.0
2025-06-06 to 2025-09-05,200,2.0,0.0
2025-07-09 to 2025-10-06,200,2.0,0.0
2025-08-07 to 2025-11-04,200,2.0,0.0
2025-09-08 to 2025-12-04,200,2.0,0.0
2025-10-07 to 2026-01-06,200,2.0,0.0
2025-11-05 to 2026-02-05,200,2.0,0.0
2025-12-05 to 2026-03-09,200,2.0,0.0
2026-01-07 to 2026-04-08,200,2.0,0.0
2026-02-06 to 2026-05-07,200,2.0,0.0
2026-03-10 to 2026-06-08,200,2.0,0.0
2026-04-09 to 2026-07-09,200,2.0,0.0
2026-05-08 to 2026-08-07,200,2.0,0.0
2026-06-09 to 2026-09-08,200,2.0,0.0
