,eigenvalues,explained_variance,cumsum_variance
0,0.001480952047507815,0.6210057507832496,0.6210057507832496
1,0.00022805218987957503,0.09562883662050667,0.7166345874037563
2,0.00015252731217839374,0.06395908508563283,0.7805936724893892
3,0.00014771606629343482,0.06194159142807673,0.8425352639174659
4,6.867840830359982e-05,0.02879883017343308,0.871334094090899
5,6.654178949191714e-05,0.027902884506914385,0.8992369785978134
6,5.7141292758288546e-05,0.02396098608986135,0.9231979646876747
7,4.599816610625388e-05,0.01928835287107166,0.9424863175587463
8,3.851177912692487e-05,0.01614909567866238,0.9586354132374088
9,2.9200374191282863e-05,0.012244556012684637,0.9708799692500933
