Strategy,F1,F2,F3,F4
SMA200,1.16,0.71,0.67,1.33
GEM,0.78,0.46,-0.02,0.87
TSMOM+RP,-0.35,-0.49,0.02,1.99
XSec Mom,0.77,0.6,0.81,1.18
Regime Conservative,0.51,0.6,0.94,0.64
Regime Tactical,0.12,0.54,0.54,0.47
HRP,0.65,0.98,0.62,1.39
Factor Combo,0.63,0.71,0.4,1.34
Cost-Aware Opt,0.83,1.37,2.13,17.87
Standard Opt,0.84,1.33,2.13,17.87
Multi-Horizon,0.5,0.72,0.11,1.06
Single Horizon,0.69,0.51,0.32,0.9
Factor_momentum,0.6,0.25,0.48,1.21
Factor_low_vol,0.62,1.07,0.27,0.67
Factor_value,0.0,0.0,0.07,1.59
Factor_quality,0.46,0.85,0.37,0.77
