Price,0
2018-01-26,
2018-01-29,
2018-01-30,
2018-01-31,
2018-02-01,
2018-02-02,
2018-02-05,
2018-02-06,
2018-02-07,
2018-02-08,
2018-02-09,
2018-02-12,
2018-02-13,
2018-02-14,
2018-02-15,
2018-02-16,
2018-02-20,
2018-02-21,
2018-02-22,
2018-02-23,
2018-02-26,
2018-02-27,
2018-02-28,
2018-03-01,
2018-03-02,
2018-03-05,
2018-03-06,
2018-03-07,
2018-03-08,
2018-03-09,
2018-03-12,
2018-03-13,
2018-03-14,
2018-03-15,
2018-03-16,
2018-03-19,
2018-03-20,
2018-03-21,
2018-03-22,
2018-03-23,
2018-03-26,
2018-03-27,
2018-03-28,
2018-03-29,
2018-04-02,
2018-04-03,
2018-04-04,
2018-04-05,
2018-04-06,
2018-04-09,
2018-04-10,
2018-04-11,
2018-04-12,
2018-04-13,
2018-04-16,
2018-04-17,
2018-04-18,
2018-04-19,
2018-04-20,
2018-04-23,
2018-04-24,
2018-04-25,
2018-04-26,
2018-04-27,
2018-04-30,
2018-05-01,
2018-05-02,
2018-05-03,
2018-05-04,
2018-05-07,
2018-05-08,
2018-05-09,
2018-05-10,
2018-05-11,
2018-05-14,
2018-05-15,
2018-05-16,
2018-05-17,
2018-05-18,
2018-05-21,
2018-05-22,
2018-05-23,
2018-05-24,
2018-05-25,
2018-05-29,
2018-05-30,
2018-05-31,
2018-06-01,
2018-06-04,
2018-06-05,
2018-06-06,
2018-06-07,
2018-06-08,
2018-06-11,
2018-06-12,
2018-06-13,
2018-06-14,
2018-06-15,
2018-06-18,
2018-06-19,
2018-06-20,
2018-06-21,
2018-06-22,
2018-06-25,
2018-06-26,
2018-06-27,
2018-06-28,
2018-06-29,
2018-07-02,
2018-07-03,
2018-07-05,
2018-07-06,
2018-07-09,
2018-07-10,
2018-07-11,
2018-07-12,
2018-07-13,
2018-07-16,
2018-07-17,
2018-07-18,
2018-07-19,
2018-07-20,
2018-07-23,
2018-07-24,
2018-07-25,
2018-07-26,
2018-07-27,
2018-07-30,
2018-07-31,
2018-08-01,
2018-08-02,
2018-08-03,
2018-08-06,
2018-08-07,
2018-08-08,
2018-08-09,
2018-08-10,
2018-08-13,
2018-08-14,
2018-08-15,
2018-08-16,
2018-08-17,
2018-08-20,
2018-08-21,
2018-08-22,
2018-08-23,
2018-08-24,
2018-08-27,
2018-08-28,
2018-08-29,
2018-08-30,
2018-08-31,
2018-09-04,
2018-09-05,
2018-09-06,
2018-09-07,
2018-09-10,
2018-09-11,
2018-09-12,
2018-09-13,
2018-09-14,
2018-09-17,
2018-09-18,
2018-09-19,
2018-09-20,
2018-09-21,
2018-09-24,
2018-09-25,
2018-09-26,
2018-09-27,
2018-09-28,
2018-10-01,
2018-10-02,
2018-10-03,
2018-10-04,
2018-10-05,
2018-10-08,
2018-10-09,
2018-10-10,
2018-10-11,
2018-10-12,
2018-10-15,
2018-10-16,
2018-10-17,
2018-10-18,
2018-10-19,
2018-10-22,
2018-10-23,
2018-10-24,
2018-10-25,
2018-10-26,
2018-10-29,
2018-10-30,
2018-10-31,
2018-11-01,
2018-11-02,
2018-11-05,
2018-11-06,
2018-11-07,
2018-11-08,
2018-11-09,
2018-11-12,
2018-11-13,
2018-11-14,
2018-11-15,
2018-11-16,
2018-11-19,
2018-11-20,
2018-11-21,
2018-11-23,
2018-11-26,
2018-11-27,
2018-11-28,
2018-11-29,
2018-11-30,
2018-12-03,
2018-12-04,
2018-12-06,
2018-12-07,
2018-12-10,
2018-12-11,
2018-12-12,
2018-12-13,
2018-12-14,
2018-12-17,
2018-12-18,
2018-12-19,
2018-12-20,
2018-12-21,
2018-12-24,
2018-12-26,
2018-12-27,
2018-12-28,
2018-12-31,
2019-01-02,
2019-01-03,
2019-01-04,
2019-01-07,
2019-01-08,
2019-01-09,
2019-01-10,
2019-01-11,
2019-01-14,
2019-01-15,
2019-01-16,
2019-01-17,
2019-01-18,
2019-01-22,
2019-01-23,
2019-01-24,
2019-01-25,
2019-01-28,
2019-01-29,0.0
2019-01-30,-0.016092346807172923
2019-01-31,-0.008262886354620165
2019-02-01,-0.003074383686888981
2019-02-04,0.004331077882977897
2019-02-05,0.00456421691429074
2019-02-06,-0.0030117948237133024
2019-02-07,-0.009305624214583176
2019-02-08,0.0009584059885611891
2019-02-11,0.00015708021580098286
2019-02-12,0.007783942593450066
2019-02-13,0.0005814599023422674
2019-02-14,0.0010136928838456044
2019-02-15,0.010161024946870174
2019-02-19,0.003025320993439599
2019-02-20,0.0016880804366489663
2019-02-21,-0.005073889526497372
2019-02-22,0.006341422871721462
2019-02-25,0.0012295066356343659
2019-02-26,-0.0011108488856580903
2019-02-27,-0.0013961834455423713
2019-02-28,-0.0028152346319579554
2019-03-01,0.005549989190968485
2019-03-04,-0.00450392361125704
2019-03-05,-0.0016906957158589662
2019-03-06,-0.008723711817738396
2019-03-07,-0.009720546698692939
2019-03-08,-0.001956736887447443
2019-03-11,0.013397118534770358
2019-03-12,0.0029309912360792724
2019-03-13,0.005428205292065311
2019-03-14,-0.00230684032256272
2019-03-15,0.006730438787270455
2019-03-18,0.0033494163010521546
2019-03-19,0.000358228822126961
2019-03-20,-0.0005380534023103614
2019-03-21,0.009844798048702304
2019-03-22,-0.018592081323084368
2019-03-25,0.0003008735707044356
2019-03-26,0.003706961597912506
2019-03-27,-0.0020140966976271188
2019-03-28,0.0018744858035794332
2019-03-29,0.004168022368199698
2019-04-01,0.005930678838071538
2019-04-02,0.0011306542562113343
2019-04-03,0.0029356141824169726
2019-04-04,0.0010105019990029524
2019-04-05,0.004619717401436482
2019-04-08,0.0002865887537579485
2019-04-09,-0.0053202413913786654
2019-04-10,0.005634043212620429
2019-04-11,-0.002196279112714594
2019-04-12,0.0038290543411772277
2019-04-15,-0.0003880788450269842
2019-04-16,0.0016569168470313108
2019-04-17,-0.00042221843980006494
2019-04-18,0.00037648175388182504
2019-04-22,0.0001728473086090886
2019-04-23,0.008783802543213523
2019-04-24,-0.0023441618067521056
2019-04-25,-0.00031180675411108914
2019-04-26,0.0032850380451223777
2019-04-29,0.002062071991995834
2019-04-30,-0.0029861784448884402
2019-05-01,-0.004852540893803122
2019-05-02,-0.0016738746467324012
2019-05-03,0.011518642967209643
2019-05-06,-0.004328589556032205
2019-05-07,-0.015934946762374985
2019-05-08,-0.0022423765286683265
2019-05-09,-0.0031497810762096063
2019-05-10,0.002376885002017738
2019-05-13,-0.023315939246392418
2019-05-14,0.008280674668681638
2019-05-15,0.007891775753283892
2019-05-16,0.005709484996477397
2019-05-17,-0.006516167932826494
2019-05-20,-0.008711780133435034
2019-05-21,0.006537894189615096
2019-05-22,-0.0012418282459589968
2019-05-23,-0.008807876132279227
2019-05-24,0.0019370494231330606
2019-05-28,-7.091665108048528e-05
2019-05-29,-0.003046254343240609
2019-05-30,0.004416308591020191
2019-05-31,0.0024522339187544864
2019-06-03,-0.001432035524804704
2019-06-04,-0.012201159791347317
2019-06-05,-0.0039631187831270535
2019-06-06,0.0035406791919445854
2019-06-07,0.0096351198312766
2019-06-10,-0.002564806810885945
2019-06-11,0.0006902445694517609
2019-06-12,-0.0021563579735189692
2019-06-13,0.004109483216070554
2019-06-14,-0.0016526329099150606
2019-06-17,0.0022203360193163387
2019-06-18,0.009094345797803632
2019-06-19,0.003172618794513166
2019-06-20,0.008924773376041233
2019-06-21,-0.0038146528500235437
2019-06-24,0.003151524240002023
2019-06-25,-0.005892335336231189
2019-06-26,-0.0027132557889641257
2019-06-27,0.003206205365861375
2019-06-28,0.0024223970384023735
2019-07-01,6.235143712245646e-05
2019-07-02,0.0071315227611885084
2019-07-03,0.006341518387681324
2019-07-05,-0.006461275733926835
2019-07-08,-0.004995742897064793
2019-07-09,0.0013829064076437598
2019-07-10,0.005209916201827524
2019-07-11,-0.004357665309278673
2019-07-12,0.004401147266006218
2019-07-15,0.0013839536603306745
2019-07-16,-0.004592375089771621
2019-07-17,0.0014433503032613465
2019-07-18,0.004263207717405171
2019-07-19,-0.0073315110664967185
2019-07-22,0.00257362735442184
2019-07-23,0.0015867194757557827
2019-07-24,0.005390478273573657
2019-07-25,-0.007646077658501733
2019-07-26,0.0058663698055554285
2019-07-29,-0.00027552683656957154
2019-07-30,-0.0006887620495246374
2019-07-31,-0.008549581443468507
2019-08-01,0.003494117568167902
2019-08-02,-0.005452650253726358
2019-08-05,-0.006941895297018107
2019-08-06,0.009884993301940632
2019-08-07,0.00498852145471548
2019-08-08,0.005226628038859763
2019-08-09,-0.00306893674207162
2019-08-12,0.006276241535545017
2019-08-13,0.0013537899798801677
2019-08-14,0.00771498080943556
2019-08-15,0.006217487209479837
2019-08-16,-0.0065788732680518444
2019-08-19,-0.009333320513831442
2019-08-20,0.0054219869861368095
2019-08-21,-0.0015748110852469896
2019-08-22,-0.003869675468264459
2019-08-23,0.00467039432062864
2019-08-26,0.0018486270082354154
2019-08-27,0.010236653861363163
2019-08-28,-0.0004624054514087798
2019-08-29,-0.00365723142305226
2019-08-30,-0.0010774939395744002
2019-09-03,0.0031731060187872445
2019-09-04,0.005638773864074252
2019-09-05,-0.013393694123696214
2019-09-06,-0.0001333339821662535
2019-09-09,-0.00734726947034236
2019-09-10,-0.0089500594218028
2019-09-11,0.004595294461677408
2019-09-12,0.00033653615617593055
2019-09-13,-0.007337055057436989
2019-09-16,0.002979545255404908
2019-09-17,0.0027402390024007187
2019-09-18,-0.0016645851671327633
2019-09-19,0.0016450418987168339
2019-09-20,0.0026156465543130166
2019-09-23,0.0009693224341539594
2019-09-24,-0.00024450363639033114
2019-09-25,-0.005865594539770845
2019-09-26,0.0008612200303652118
2019-09-27,-0.0045038904472341915
2019-09-30,-0.0009383388786522981
2019-10-01,-0.0016239661547045913
2019-10-02,-0.004505673718263333
2019-10-03,0.007174105704999531
2019-10-04,0.004461078443053734
2019-10-07,-0.006743811453038943
2019-10-08,-0.001060719097989335
2019-10-09,0.0008473805919152085
2019-10-10,-0.00794920708152451
2019-10-11,-0.004109930536971667
2019-10-14,0.0030622555927390803
2019-10-15,0.0002514392749637115
2019-10-16,0.0011027456491002454
2019-10-17,0.0011716316720571996
2019-10-18,-0.0032273939243416656
2019-10-21,0.0014935632642885431
2019-10-22,-0.0003814133223286674
2019-10-23,0.002367946870233336
2019-10-24,0.0032048500139854027
2019-10-25,0.002142568491061152
2019-10-28,0.00042258488541903946
2019-10-29,-0.0020536195958552827
2019-10-30,0.004950525511723495
2019-10-31,0.002361773734667172
2019-11-01,0.006142111916300019
2019-11-04,-0.00027045133941850155
2019-11-05,-0.005389631555713547
2019-11-06,0.0003512674961616249
2019-11-07,-0.0024108527279590535
2019-11-08,-9.914017932971441e-05
2019-11-11,-0.0016270516399050673
2019-11-12,0.001964956717265377
2019-11-13,-0.00013756119058554652
2019-11-14,0.0009888938026085799
2019-11-15,0.004666788812648918
2019-11-18,0.0008215018271309634
2019-11-19,0.0016656535147760525
2019-11-20,-0.0023328417536445135
2019-11-21,-0.0033323902258400764
2019-11-22,0.0012851397961358522
2019-11-25,0.00789555710801593
2019-11-26,0.0024514054361874475
2019-11-27,0.0030817245444731433
2019-11-29,-0.0036759110971306226
2019-12-02,-0.008919453632698587
2019-12-03,4.944933158592098e-05
2019-12-04,0.003188047970558676
2019-12-05,-0.0004079456791234137
2019-12-06,0.005001646006221002
2019-12-09,-0.0024538158366302866
2019-12-10,-0.00011787757699934894
2019-12-11,0.004322780031944911
2019-12-12,0.003286878875822385
2019-12-13,0.003549521290779124
2019-12-16,0.005815769126243683
2019-12-17,-0.00032488867669532305
2019-12-18,-0.0006255334000330247
2019-12-19,0.0035387208164778545
2019-12-20,0.002509263711516328
2019-12-23,0.0018219595560985448
2019-12-24,0.0016087244791049026
2019-12-26,0.0051971138852906105
2019-12-27,-0.0008806551066373317
2019-12-30,-0.004391555791288639
2019-12-31,0.0013567657336176146
2020-01-02,0.009796806165686869
2020-01-03,-0.0036787497016204473
2020-01-06,0.004483379947596956
2020-01-07,-0.0012979619984452963
2020-01-08,0.0015719383215711097
2020-01-09,0.0029450240144176386
2020-01-10,-0.0005640413840414712
2020-01-13,0.004593934455559193
2020-01-14,-0.0005700242563550601
2020-01-15,0.0026564191684781088
2020-01-16,0.006005671582921688
2020-01-17,0.0013207122009105702
2020-01-21,-0.001717866230621576
2020-01-22,0.001195759064943712
2020-01-23,0.0017496453941891624
2020-01-24,-0.004511006601330064
2020-01-27,-0.009934751761775528
2020-01-28,0.005439193140648373
2020-01-29,0.002480159492914991
2020-01-30,0.001441623380640778
2020-01-31,-0.008412834432704401
2020-02-03,0.0054328183298816045
2020-02-04,0.004904895171501144
2020-02-05,0.002640473105183989
2020-02-06,0.004798200910835248
2020-02-07,-0.0027378521159790938
2020-02-10,0.00671981459299005
2020-02-11,6.349460722136085e-05
2020-02-12,0.004225530141715787
2020-02-13,0.00045066710172489237
2020-02-14,0.0018193673384041896
2020-02-18,0.001863101624961205
2020-02-19,0.005636727781822676
2020-02-20,-0.0017998670797386752
2020-02-21,-0.004987402574978979
2020-02-24,-0.01863114581266869
2020-02-25,-0.020005588218271118
2020-02-26,-0.0003452202207904053
2020-02-27,-0.00964796521797722
2020-02-28,-0.003215263589926621
2020-03-02,-0.0008943067980538975
2020-03-03,0.011673764117621926
2020-03-04,0.0024113928875426865
2020-03-05,0.015451359553122521
2020-03-06,0.013405500825715132
2020-03-09,0.013319185875535851
2020-03-10,-0.02223399693165999
2020-03-11,0.008845838028193961
2020-03-12,0.017348110398831783
2020-03-13,-0.03322241014302625
2020-03-16,0.07527807462262058
2020-03-17,-0.025100223602743155
2020-03-18,0.02438323263280101
2020-03-19,-0.01436916749897419
2020-03-20,0.004940404402322849
2020-03-23,0.012421106187790866
2020-03-24,-0.04478280178535485
2020-03-25,-0.014418292787338291
2020-03-26,-0.011438496640869268
2020-03-27,0.012771708668785344
2020-03-30,-0.0009413100083524146
2020-03-31,-0.006710171639309594
2020-04-01,0.016454743489238872
2020-04-02,0.0032828420064815325
2020-04-03,0.00903712676760727
2020-04-06,-0.006212448476754733
2020-04-07,-0.004746865479993785
2020-04-08,-0.008415211449825277
2020-04-09,-0.007984979043691325
2020-04-13,0.008986089888034362
2020-04-14,0.006659251425846234
2020-04-15,0.011969260877857825
2020-04-16,0.00783365485373078
2020-04-17,-0.014864481601250187
2020-04-20,0.003693521210786469
2020-04-21,-0.002373554243569722
2020-04-22,0.004859048479464757
2020-04-23,0.0009931730682425223
2020-04-24,-0.0006302842229637999
2020-04-27,-0.011244507092604265
2020-04-28,-0.006178618755064644
2020-04-29,9.831044930203449e-05
2020-04-30,-0.0005975584730260008
2020-05-01,0.0002832049659977265
2020-05-04,0.001998401625303662
2020-05-05,0.0011472922859296964
2020-05-06,-0.003221807525162466
2020-05-07,0.006445268149765849
2020-05-08,-0.008126714429933457
2020-05-11,-0.00019357020192354562
2020-05-12,0.0024118234814475763
2020-05-13,0.004230815857953028
2020-05-14,0.008199135402716324
2020-05-15,-0.0006341048721867943
2020-05-18,-0.01629162041557706
2020-05-19,0.006663348555164682
2020-05-20,0.0011257894464751501
2020-05-21,-0.004130046567861025
2020-05-22,0.0036934591406446314
2020-05-26,-0.013424409056005341
2020-05-27,-0.0021031354893617333
2020-05-28,-0.001537728201727762
2020-05-29,0.008524893423076127
2020-06-01,-0.0027703930585799763
2020-06-02,-0.0016478598130126414
2020-06-03,-0.009508007800718962
2020-06-04,-0.003593443829767212
2020-06-05,-8.430259309620078e-05
2020-06-08,0.00565125233733015
2020-06-09,0.007373472619070952
2020-06-10,0.009931065303231783
2020-06-11,-0.014967314621108162
2020-06-12,-0.0012700849163400597
2020-06-15,0.0006869068857797608
2020-06-16,-0.0013014782740447864
2020-06-17,0.0031674299590912012
2020-06-18,0.0037736220347632903
2020-06-19,0.002920137769208867
2020-06-22,0.003761644974329099
2020-06-23,0.0019387513589195263
2020-06-24,-0.0010394367127319146
2020-06-25,0.0018821710250075262
2020-06-26,0.0003496386403245745
2020-06-29,-0.0005773266224293142
2020-06-30,0.0040481751859672566
2020-07-01,0.0019215487519599768
2020-07-02,0.0016429321347005783
2020-07-06,0.005712145731771695
2020-07-07,0.005629590360879083
2020-07-08,0.0032876520159762068
2020-07-09,0.008309637155285729
2020-07-10,-0.0021938296949951456
2020-07-13,-0.0023402039285556737
2020-07-14,0.001054476565154144
2020-07-15,-0.005256664147358405
2020-07-16,-0.0023543741014156526
2020-07-17,0.0016800670867887202
2020-07-20,0.010475146811047924
2020-07-21,-0.00018445680011189782
2020-07-22,0.006044251608039321
2020-07-23,-0.0021663278867159823
2020-07-24,0.0002873219672728996
2020-07-27,0.009370724359131
2020-07-28,0.000882372748517359
2020-07-29,0.004439502650670877
2020-07-30,0.0015407997610860165
2020-07-31,0.008972873282819675
2020-08-03,0.0014542036048758784
2020-08-04,0.007900432002039616
2020-08-05,0.00031300290968521143
2020-08-06,0.009061685590590724
2020-08-07,-0.008437244846820027
2020-08-10,-0.003361044543635459
2020-08-11,-0.022445565058038755
2020-08-12,0.0014195433343629398
2020-08-13,0.0039000130765326317
2020-08-14,-0.002501419301147708
2020-08-17,0.009845027296828955
2020-08-18,0.00666144504739625
2020-08-19,-0.012207138891514736
2020-08-20,0.008692036779164903
2020-08-21,0.0017725846110338318
2020-08-24,-0.0006456724613207495
2020-08-25,0.0005509096274698629
2020-08-26,0.008481376836199357
2020-08-27,-0.007374883130235925
2020-08-28,0.005174007496573657
2020-08-31,0.004823071126838307
2020-09-01,0.007908890207468272
2020-09-02,0.0009528834319442776
2020-09-03,-0.013446971759956421
2020-09-04,-0.008074583505180487
2020-09-08,-0.01192846511014231
2020-09-09,0.009156394935672501
2020-09-10,-0.005660803696548245
2020-09-11,-0.0015296923181795292
2020-09-14,0.006619902090976169
2020-09-15,0.002942859291898873
2020-09-16,-0.005332202530461408
2020-09-17,-0.005784179179655103
2020-09-18,-0.005398416906606852
2020-09-21,-0.005425694205318508
2020-09-22,0.004760389200146418
2020-09-23,-0.014378250184807252
2020-09-24,0.0034700886697559647
2020-09-25,0.005350633136893926
2020-09-28,0.005486873292124973
2020-09-29,0.0007273340187372626
2020-09-30,-0.0014517872924626034
2020-10-01,0.006396164118158476
2020-10-02,-0.010061296253865058
2020-10-05,0.0012669601861939387
2020-10-06,-0.0075870416300299354
2020-10-07,0.005257605279975039
2020-10-08,0.004040044689338104
2020-10-09,0.008853809426425841
2020-10-12,0.00953278218367655
2020-10-13,-0.0030356690775222156
2020-10-14,-0.0022139688109868174
2020-10-15,0.0009631096775935956
2020-10-16,-0.003755664851754371
2020-10-19,-0.006503463049336302
2020-10-20,-0.0005955542777473571
2020-10-21,0.0004554171277917703
2020-10-22,-0.002338358611200142
2020-10-23,0.0007920838312130414
2020-10-26,-0.004747262898746228
2020-10-27,0.0032497498618254913
2020-10-28,-0.014993634286485726
2020-10-29,0.002610958098313485
2020-10-30,-0.007907860427836194
2020-11-02,0.001895893740664773
2020-11-03,0.0024661951768190173
2020-11-04,0.012130492154751777
2020-11-05,0.01512969979698736
2020-11-06,-0.0030910608652415838
2020-11-09,-0.01950004345172968
2020-11-10,-0.00453493555205535
2020-11-11,0.007734247793503886
2020-11-12,-0.005201981355028842
2020-11-13,0.011156486599672243
2020-11-16,0.008605171549044615
2020-11-17,0.0003500263754085728
2020-11-18,-0.007515132618571621
2020-11-19,0.005458436039699876
2020-11-20,0.0009572456161402205
2020-11-23,0.002011886567797823
2020-11-24,0.005009350991494681
2020-11-25,-0.0007981412250457807
2020-11-27,0.007367416219991518
2020-11-30,-0.007290214401826473
2020-12-01,0.002458966295167995
2020-12-02,-0.0025159754059037253
2020-12-03,0.003715411528580352
2020-12-04,0.007338022937234263
2020-12-07,0.003781431965851299
2020-12-08,0.0066952509176570795
2020-12-09,-0.01194605876675782
2020-12-10,0.005821091737558127
2020-12-11,-0.0018507890737934028
2020-12-14,0.0018228479289891185
2020-12-15,0.010442620137244554
2020-12-16,3.2733161221925296e-05
2020-12-17,0.005309917878096455
2020-12-18,-0.0032386992687113373
2020-12-21,-0.0012845645238517083
2020-12-22,0.0037472596267525975
2020-12-23,0.0003652150314518034
2020-12-24,0.0017768485503605075
2020-12-28,0.0007042345143591436
2020-12-29,-0.004621320643045156
2020-12-30,0.003931305529956735
2020-12-31,-0.0005670748348817841
2021-01-04,-0.003006752832902226
2021-01-05,0.005867617767557707
2021-01-06,0.0001848527323397534
2021-01-07,0.006965793640774353
2021-01-08,-0.0048540104632782514
2021-01-11,-0.0057866130921877335
2021-01-12,0.005815238872413099
2021-01-13,-0.00023484843608494567
2021-01-14,0.0055695992390357605
2021-01-15,-0.008753832118715277
2021-01-19,0.008689004621083471
2021-01-20,0.007327651298730177
2021-01-21,-0.001255453939805619
2021-01-22,0.0022883258177372368
2021-01-25,0.002861076930789646
2021-01-26,-0.002041518987825226
2021-01-27,-0.013453123519256403
2021-01-28,-0.0005228899545999201
2021-01-29,-0.009833549536568627
2021-02-01,0.016032824623060816
2021-02-02,0.006746324475853099
2021-02-03,-0.0013927110767151868
2021-02-04,0.010085792101122483
2021-02-05,0.0054910002377522886
2021-02-08,0.007694796530425441
2021-02-09,0.0006996548929659187
2021-02-10,-0.0030897585466431645
2021-02-11,0.0008691894997401577
2021-02-12,0.0012341803786983982
2021-02-16,-0.0031274954980974783
2021-02-17,-0.004417727224135744
2021-02-18,-0.005256329524059838
2021-02-19,0.0055788302483284445
2021-02-22,-0.010710120157150387
2021-02-23,-0.002567466974548151
2021-02-24,0.009827973153555
2021-02-25,-0.013243540918959181
2021-02-26,-0.008358504883316279
2021-03-01,0.01846474780381604
2021-03-02,-0.009049201939825944
2021-03-03,-0.0027449323109322043
2021-03-04,-0.005969223181834942
2021-03-05,0.005651009125199647
2021-03-08,0.004719512991839849
2021-03-09,-0.0007034113444162615
2021-03-10,0.0033741896903922266
2021-03-11,0.010635482884008162
2021-03-12,0.008111232948558835
2021-03-15,-0.0011061433324266673
2021-03-16,-0.003997889537169505
2021-03-17,0.002891526731220319
2021-03-18,-0.00900005888515352
2021-03-19,-7.926905898176998e-05
2021-03-22,-0.004150834709852923
2021-03-23,-0.013999199318460243
2021-03-24,-0.011293743724072451
2021-03-25,0.008950895604069767
2021-03-26,0.009077964480502965
2021-03-29,-0.0026920825593915085
2021-03-30,0.005376506121695989
2021-03-31,0.0024136076601968294
2021-04-01,0.0003957709409559412
2021-04-05,0.007271137490813787
2021-04-06,-0.004848401372260943
2021-04-07,-0.0006044517195921007
2021-04-08,0.0009546181047225205
2021-04-09,0.004610629335452865
2021-04-12,-0.0005569128260760321
2021-04-13,0.00010926383008050866
2021-04-14,0.00034593080871562674
2021-04-15,0.0005275206647975514
2021-04-16,0.0021341912302882604
2021-04-19,-0.0049249729981451044
2021-04-20,-0.010498055305811204
2021-04-21,0.007658847700444819
2021-04-22,-0.006091577996865292
2021-04-23,0.010577008171212062
2021-04-26,0.0039258714272723
2021-04-27,0.0006815422510695954
2021-04-28,-0.0005464940210518346
2021-04-29,0.002208063587363308
2021-04-30,-0.006994500682293106
2021-05-03,0.00011385380654922076
2021-05-04,-0.00876665364168259
2021-05-05,-0.00045178787334925494
2021-05-06,0.001574424047322221
2021-05-07,0.007481679124864325
2021-05-10,-0.010089623046426507
2021-05-11,-0.004909818641395416
2021-05-12,-0.013088066657146801
2021-05-13,0.007837362700417216
2021-05-14,0.008764843903821493
2021-05-17,0.0006801639437590865
2021-05-18,-0.002459690030177286
2021-05-19,-0.0031778836664166587
2021-05-20,0.004862421162251884
2021-05-21,-0.0003786810696598055
2021-05-24,0.004586047935402413
2021-05-25,-0.002201828796479225
2021-05-26,0.0028554974616029375
2021-05-27,0.0019173947059116195
2021-05-28,0.0018541165768108975
2021-06-01,0.001861150386692414
2021-06-02,0.001721799114985206
2021-06-03,-0.006629555701004696
2021-06-04,0.004401147560240812
2021-06-07,0.004386478404366694
2021-06-08,0.00033380042061423207
2021-06-09,-0.00397289562059395
2021-06-10,0.00039703227911001886
2021-06-11,0.001850913591862821
2021-06-14,0.0005428685223827453
2021-06-15,-0.0020614574469238643
2021-06-16,-0.004952506542796355
2021-06-17,-0.005733626548447753
2021-06-18,-0.01636944659621106
2021-06-21,0.00818376122787176
2021-06-22,0.004524141141082738
2021-06-23,-0.0008166268910994025
2021-06-24,0.006947557786845708
2021-06-25,0.00023993781589793053
2021-06-28,0.0006628468868178905
2021-06-29,0.0016906786851696807
2021-06-30,-0.0019746959536663796
2021-07-01,0.0024671197860744896
2021-07-02,0.0012940432937213462
2021-07-06,-0.0035456332423338503
2021-07-07,2.292125471586295e-05
2021-07-08,-0.005068875249302622
2021-07-09,0.004185742170243909
2021-07-12,0.0019644357742902726
2021-07-13,-0.005151857288503767
2021-07-14,-0.00044262171694983444
2021-07-15,-0.0040325175351495655
2021-07-16,-0.004940354160198691
2021-07-19,-0.003085807398688233
2021-07-20,0.0030786342745929987
2021-07-21,6.800893615198117e-07
2021-07-22,0.004444724130151612
2021-07-23,0.0051761463347469745
2021-07-26,0.0002367672745678082
2021-07-27,-0.0017785135360129875
2021-07-28,-0.00012019233338336058
2021-07-29,-0.0012916409597494456
2021-07-30,-0.0011600085332723303
2021-08-02,0.0023493328032501933
2021-08-03,0.004691226831784878
2021-08-04,-0.0008162521587615902
2021-08-05,0.0026478649610409723
2021-08-06,-0.0029004193908257585
2021-08-09,0.001582550852011725
2021-08-10,-0.0016034193349481322
2021-08-11,-0.001967714640186125
2021-08-12,0.0009674923473979888
2021-08-13,0.0013470618987961832
2021-08-16,-0.0011826381716889393
2021-08-17,-0.0043432818970887115
2021-08-18,-0.0036559758135254177
2021-08-19,0.0025885126744730237
2021-08-20,0.002486308840893884
2021-08-23,0.0011070643105334172
2021-08-24,-0.0014222917976677862
2021-08-25,-0.0006573177109926316
2021-08-26,-0.0028552739292748916
2021-08-27,0.0036753863846823954
2021-08-30,0.005167843434242271
2021-08-31,-0.0026420151102140178
2021-09-01,0.0020099315023248627
2021-09-02,0.0025158330907929932
2021-09-03,-0.002057829876737619
2021-09-07,-0.0005434174444628885
2021-09-08,-0.0019865396279561353
2021-09-09,-0.0015851584490663246
2021-09-10,-0.00430825271966492
2021-09-13,0.0025097863643991835
2021-09-14,-0.0011362140111473176
2021-09-15,0.0037081964505839725
2021-09-16,0.000698969035098848
2021-09-17,-0.008031850169318086
2021-09-20,-0.009149734159513213
2021-09-21,-0.0003248435118228221
2021-09-22,0.006350622290119657
2021-09-23,0.0024308731963239745
2021-09-24,-0.002798504592272802
2021-09-27,-0.002958868554092922
2021-09-28,-0.014659300824941827
2021-09-29,0.0006462025761655791
2021-09-30,-0.011053450126317256
2021-10-01,0.005949368490660229
2021-10-04,-0.012070782386960249
2021-10-05,0.007129668173169424
2021-10-06,0.0021201999545936204
2021-10-07,0.007500559389049746
2021-10-08,-0.0026142263898579323
2021-10-11,-0.00378422000392959
2021-10-12,-0.004466196578591547
2021-10-13,-0.002153317650316531
2021-10-14,0.010174153302940329
2021-10-15,0.004278175919298014
2021-10-18,0.004766406268732154
2021-10-19,0.003915541880190447
2021-10-20,-0.0010062635873006043
2021-10-21,0.0030233613646178216
2021-10-22,-0.005111860808347509
2021-10-25,0.005536163811618766
2021-10-26,0.0007787782329558054
2021-10-27,-0.0048166692747632755
2021-10-28,0.009354793432915754
2021-10-29,0.0029168646863496793
2021-11-01,0.0020423564042863877
2021-11-02,0.003588491898341333
2021-11-03,0.007139211431386541
2021-11-04,0.005058195649213799
2021-11-05,0.003728360117772248
2021-11-08,-0.00026191264509897624
2021-11-09,-0.0009855820078637993
2021-11-10,-0.01351190757229338
2021-11-11,0.0023669626099808443
2021-11-12,0.0030549052866112487
2021-11-15,-0.002702975174410759
2021-11-16,0.0013597269028686656
2021-11-17,-0.0012412570222164717
2021-11-18,0.0020062298735534618
2021-11-19,-0.0008172000344091024
2021-11-22,-0.009227882380684596
2021-11-23,-0.004329388818524866
2021-11-24,0.0041876487944467
2021-11-26,-0.011146139073682487
2021-11-29,0.006883742008766096
2021-11-30,-0.0016248241610280925
2021-12-01,-0.002733316325074456
2021-12-02,-0.00012346947297499543
2021-12-03,0.0005807840159038893
2021-12-06,-0.0020940465646363702
2021-12-07,0.0016316494265544196
2021-12-08,-0.003331536799018996
2021-12-09,-0.00016459892200023737
2021-12-10,0.004135634158899333
2021-12-13,0.0003518777107200491
2021-12-14,-0.0011887464757501416
2021-12-15,0.0008085610703250049
2021-12-16,-0.004178900845041738
2021-12-17,-0.001912251621667859
2021-12-20,-0.003175714181348618
2021-12-21,0.0012058326062125194
2021-12-22,0.0022346093435991468
2021-12-23,-0.0005959596491843104
2021-12-27,0.005921613517725096
2021-12-28,-0.0013390197170112825
2021-12-29,-0.002402491179137854
2021-12-30,-0.00011400673885662651
2021-12-31,-0.0020930871605901345
2022-01-03,-0.0038102167402001416
2022-01-04,-0.0035561514133015232
2022-01-05,-0.01085489984869097
2022-01-06,-0.0030756350097790783
2022-01-07,3.460840362843264e-05
2022-01-10,-0.0002590999008618037
2022-01-11,0.0025682275069493724
2022-01-12,0.0044759053797126976
2022-01-13,-0.00929246678250974
2022-01-14,0.0019336455772837541
2022-01-18,-0.002870852129926234
2022-01-19,-0.0008024623282706344
2022-01-20,-0.0022351270953239744
2022-01-21,-0.007281967378651657
2022-01-24,-0.0029155006804478033
2022-01-25,0.0008326745568142876
2022-01-26,0.001793931045642376
2022-01-27,-0.0012951050089569855
2022-01-28,-0.00268417234072955
2022-01-31,-0.007295480228068297
2022-02-01,-0.0018892805210984174
2022-02-02,0.0054850857767912075
2022-02-03,-0.005263330168328363
2022-02-04,0.004607958450341575
2022-02-07,-0.002161295798666811
2022-02-08,8.169184892329543e-05
2022-02-09,-0.0013611647066920044
2022-02-10,0.002618111532944451
2022-02-11,-0.005701706652836189
2022-02-14,0.0038123594272794228
2022-02-15,-0.005316443898251833
2022-02-16,0.0004136657748239747
2022-02-17,0.003499634815878594
2022-02-18,-0.001748865957007344
2022-02-22,0.0018053693507957653
2022-02-23,0.008019955897162348
2022-02-24,-0.008442602164841117
2022-02-25,-0.00695548591226257
2022-02-28,-0.00012409005737476747
2022-03-01,0.0049836209866500536
2022-03-02,0.002269426247765834
2022-03-03,0.004854611066560207
2022-03-04,0.006356077908705467
2022-03-07,0.010250611196364907
2022-03-08,0.004081209365221861
2022-03-09,-0.013840782097319279
2022-03-10,0.006730026624082714
2022-03-11,0.00035163089747633106
2022-03-14,0.0015846376127492776
2022-03-15,-0.007106977591143381
2022-03-16,-0.01413606573757445
2022-03-17,-0.0007316764173121151
2022-03-18,-0.006666420395313411
2022-03-21,0.008783684117275696
2022-03-22,0.0009385102056656892
2022-03-23,0.00025586138490448797
2022-03-24,0.003950347680082527
2022-03-25,0.0024641067646925994
2022-03-28,-0.0017303304573791486
2022-03-29,-0.006360703509176295
2022-03-30,0.001636802867196498
2022-03-31,-0.0011174755029126067
2022-04-01,-0.005039299607487724
2022-04-04,0.005075683743793018
2022-04-05,0.004040879171138623
2022-04-06,0.0007258620899943606
2022-04-07,0.0033582315928096826
2022-04-08,0.0028673276376577463
2022-04-11,0.001836167812530188
2022-04-12,0.001403796860645558
2022-04-13,-0.003149536861333262
2022-04-14,0.0038836831527286502
2022-04-18,0.003974496951411892
2022-04-19,-0.003268170985963271
2022-04-20,-0.0052129190413831164
2022-04-21,0.0027175366990374802
2022-04-22,0.0015716060745802913
2022-04-25,-0.005494220860163021
2022-04-26,0.007143043846284262
2022-04-27,0.0013378233732466377
2022-04-28,-0.005365498857099785
2022-04-29,0.009033776756145522
2022-05-02,-0.0013306829828504528
2022-05-03,-0.003533194006034705
2022-05-04,-0.007813800933160841
2022-05-05,0.019660151556989153
2022-05-06,0.007105851121121723
2022-05-09,0.006366785476902452
2022-05-10,-0.00514858201335354
2022-05-11,0.0032591621800267456
2022-05-12,-0.00270364105543165
2022-05-13,-0.011294450499897423
2022-05-16,0.0021248975669685794
2022-05-17,-0.0083453385201051
2022-05-18,0.010499549009054487
2022-05-19,-0.0035003461503298736
2022-05-20,-0.002917240483344375
2022-05-23,-0.005192466592801348
2022-05-24,0.004639587747643608
2022-05-25,-0.009780869228445167
2022-05-26,-0.00860898588516491
2022-05-27,-0.01319509444737836
2022-05-31,0.007405795537293026
2022-06-01,0.0022489817219658753
2022-06-02,-0.008902982036671739
2022-06-03,0.005722330952129103
2022-06-06,0.002780710254758984
2022-06-07,-0.005379714157676227
2022-06-08,0.005594147220485129
2022-06-09,0.0046132916138719475
2022-06-10,0.012891188719043807
2022-06-13,0.0246896508823029
2022-06-14,0.003723508594760401
2022-06-15,-0.017713417021520548
2022-06-16,0.02145737952430938
2022-06-17,-0.004454111747306791
2022-06-21,-0.009336289817982183
2022-06-22,-0.003956895444433031
2022-06-23,-0.007336450304120187
2022-06-24,-0.015315732924630884
2022-06-27,0.0031545483738576532
2022-06-28,0.0039034654354603354
2022-06-29,-0.002310055432072051
2022-06-30,0.0016976392089850668
2022-07-01,-0.006583266382528281
2022-07-05,-0.00017392871449187615
2022-07-06,0.004950062553740689
2022-07-07,-0.0051916562409377465
2022-07-08,0.0019383641178870523
2022-07-11,0.002869161275772582
2022-07-12,-0.0006587723870869841
2022-07-13,-0.004166039928393947
2022-07-14,0.009535451600496828
2022-07-15,-0.008718764985579936
2022-07-18,0.0017390731920549358
2022-07-19,-0.009581135041611236
2022-07-20,0.0007808297700636223
2022-07-21,-0.012227544572926538
2022-07-22,-0.0056893879967333345
2022-07-25,0.001142539748988317
2022-07-26,0.0037361154977736087
2022-07-27,-0.009923304931954157
2022-07-28,-0.006730688465665842
2022-07-29,-0.0034788411537354422
2022-08-01,-0.009117278110111187
2022-08-02,0.01042117945075673
2022-08-03,-0.004121708506518409
2022-08-04,-0.004721335787623195
2022-08-05,0.008709732709451828
2022-08-08,-0.0074000464203271415
2022-08-09,-0.00035622227404854845
2022-08-10,0.003478280585201655
2022-08-11,0.00799207394000413
2022-08-12,0.0009627133199175857
2022-08-15,0.0037747616146297366
2022-08-16,-0.0010690217493607413
2022-08-17,-0.000737772351899003
2022-08-18,0.00260407702402078
2022-08-19,0.0011769418023743412
2022-08-22,-0.003423333071312507
2022-08-23,-0.00025392903273050853
2022-08-24,0.002317428918066253
2022-08-25,-0.0025117912180965753
2022-08-26,-0.004783397330357182
2022-08-29,-0.0005217724377762505
2022-08-30,-0.0007637056156493383
2022-08-31,0.003847407756071907
2022-09-01,0.008640865985692543
2022-09-02,-0.002785387678397285
2022-09-06,0.007449163682562333
2022-09-07,-0.006622959582998237
2022-09-08,0.004700924045723989
2022-09-09,-0.005066891885403637
2022-09-12,2.435136144528547e-05
2022-09-13,0.0007545143461449089
2022-09-14,-0.0002915758673230616
2022-09-15,0.005746137421459046
2022-09-16,2.387238808527799e-06
2022-09-19,-0.0007712486763282239
2022-09-20,0.006657415114476296
2022-09-21,-0.0032914814121096625
2022-09-22,0.00533145485802175
2022-09-23,0.010881448375374757
2022-09-26,0.013551577329541938
2022-09-27,0.009004257530475278
2022-09-28,-0.02620324364572019
2022-09-29,0.005840834806490383
2022-09-30,0.004509362090631472
2022-10-03,-0.017383622945411497
2022-10-04,-0.015511487289504388
2022-10-05,0.004940306566586178
2022-10-06,0.006140912088426389
2022-10-07,0.006612925604110818
2022-10-10,0.005759819925289962
2022-10-11,0.004708878591292763
2022-10-12,-0.0013447742512604087
2022-10-13,-0.0025398822837808194
2022-10-14,0.007829557789941231
2022-10-17,-0.004590001387489993
2022-10-18,-0.0017728873089366505
2022-10-19,0.00563063353662916
2022-10-20,0.002153710491681359
2022-10-21,-0.0024296569052716303
2022-10-24,0.001359522057531301
2022-10-25,-0.009295472525035424
2022-10-26,-0.0027764700486956717
2022-10-27,0.0020460259793158614
2022-10-28,0.0009697054060269318
2022-10-31,0.005933628033835167
2022-11-01,-0.0034555599626935156
2022-11-02,0.0018770042540211178
2022-11-03,0.0044866772693844025
2022-11-04,-0.009206921338865243
2022-11-07,0.0015630602090859758
2022-11-08,-0.007140119824426884
2022-11-09,-0.002955865958077562
2022-11-10,-0.006163241814575158
2022-11-11,-0.0008471951863739198
2022-11-14,-0.002056313735341266
2022-11-15,-0.0011358144639279618
2022-11-16,-0.00645438863120135
2022-11-17,-0.0008080372568391624
2022-11-18,0.0020811887923920464
2022-11-21,-0.0018174178465865097
2022-11-22,-0.0006994626442887401
2022-11-23,-0.0029987449185801215
2022-11-25,0.0036115052543812328
2022-11-28,-0.0049748028766381175
2022-11-29,0.005263374970615295
2022-11-30,-0.002952419255749595
2022-12-01,-0.00581296188774488
2022-12-02,-0.002352296057753253
2022-12-05,-0.0021152440516808706
2022-12-06,-0.0016926389315702675
2022-12-07,-0.005051381784762414
2022-12-08,-0.0008019456990814393
2022-12-09,0.004112158968235521
2022-12-12,-0.0028296714514738927
2022-12-13,0.001073636301770901
2022-12-14,3.4589446264834457e-06
2022-12-15,-0.0026056881647050097
2022-12-16,0.002096956324468856
2022-12-19,0.005064795033032165
2022-12-20,0.005934395568453019
2022-12-21,-0.0030290606325290292
2022-12-22,0.0011970069024319287
2022-12-23,0.004291788877904445
2022-12-27,0.009709105056012239
2022-12-28,0.00023095117647843182
2022-12-29,-0.002030087943581178
2022-12-30,0.0011905356402806442
2023-01-03,0.0006492400152085121
2023-01-04,0.0016385269012614769
2023-01-05,-0.002957400260597396
2023-01-06,0.0011632909079723015
2023-01-09,-0.0013087607055600884
2023-01-10,0.0033686515589198894
2023-01-11,-0.0053517349648185015
2023-01-12,0.0010086261062773746
2023-01-13,0.004689313084198419
2023-01-17,-0.0008705758710461714
2023-01-18,-0.004946668389023703
2023-01-19,0.00579513255722602
2023-01-20,-0.004796666816897436
2023-01-23,-0.004240718901543766
2023-01-24,-0.001971113519442489
2023-01-25,0.0026646499816538804
2023-01-26,-0.0066958738997958305
2023-01-27,-0.0028943595613521744
2023-01-30,0.00350305099691914
2023-01-31,-0.0021604393517827723
2023-02-01,-0.002574190074329272
2023-02-02,-0.012478434200237136
2023-02-03,-0.003886254707725479
2023-02-06,-0.0038241481287604783
2023-02-07,0.002095115584143309
2023-02-08,-0.002679293570548728
2023-02-09,-0.0006034353894007465
2023-02-10,0.002264741232524562
2023-02-13,-0.002090489029943369
2023-02-14,0.0002910470851762337
2023-02-15,-0.00027568813552955227
2023-02-16,0.0031898666165120423
2023-02-17,-0.001301695451842062
2023-02-21,0.0005618971280902453
2023-02-22,-0.004274775193145124
2023-02-23,-0.0026546100897726333
2023-02-24,0.00030430730513
2023-02-27,0.0022217653094807103
2023-02-28,-0.0026542914124660713
2023-03-01,0.0064093794950522524
2023-03-02,0.0011493726761045927
2023-03-03,-0.003843683120210413
2023-03-06,-0.001708628483449184
2023-03-07,-0.00832821426310006
2023-03-08,0.0008388046204444808
2023-03-09,-0.001606370014679207
2023-03-10,-0.015362666806498499
2023-03-13,0.002260440320852133
2023-03-14,-0.0029221986965882714
2023-03-15,-0.001659422151282646
2023-03-16,0.0040900662784594645
2023-03-17,0.011064007730553053
2023-03-20,-0.00014131272083479205
2023-03-21,-0.005091588317004168
2023-03-22,0.005874338495198921
2023-03-23,0.005763771008166065
2023-03-24,-0.005074911142092628
2023-03-27,-0.0012006885703905617
2023-03-28,0.0008776016654157332
2023-03-29,0.0021702302316424153
2023-03-30,0.0051559226391150485
2023-03-31,-0.0033167919691839357
2023-04-03,0.0016640041911693585
2023-04-04,0.00655305577490987
2023-04-05,-0.0027590530506396305
2023-04-06,0.0005495541443568484
2023-04-10,-0.003830458765412048
2023-04-11,-0.0010991099553957044
2023-04-12,0.0017761197902387113
2023-04-13,0.008446022376990284
2023-04-14,-0.0025092981380800614
2023-04-17,-0.0021546910536718814
2023-04-18,0.0022062151773012705
2023-04-19,-0.0017414383323835088
2023-04-20,-0.001567171982806275
2023-04-21,4.98412341584273e-06
2023-04-24,-0.00047719498353610126
2023-04-25,-0.003803872184844044
2023-04-26,0.002667491980434592
2023-04-27,0.0068728263381208085
2023-04-28,-0.0017906447358054232
2023-05-01,0.002001450492730166
2023-05-02,0.0013393810021376502
2023-05-03,-0.0016225832020636607
2023-05-04,0.002708114267144928
2023-05-05,0.00034063808110346226
2023-05-08,0.0030857382964748904
2023-05-09,8.6280183197311e-05
2023-05-10,-0.0010732264893129782
2023-05-11,-0.0021323011761816054
2023-05-12,0.00016061246985233648
2023-05-15,0.0018291403908451348
2023-05-16,-0.001263159628730622
2023-05-17,-0.0009893127946225511
2023-05-18,0.001071442014890437
2023-05-19,0.005055606250263174
2023-05-22,-0.001426698648247357
2023-05-23,-0.005175652210798239
2023-05-24,-0.0026092401076917193
2023-05-25,0.004563924695220433
2023-05-26,0.003286637592836189
2023-05-30,-0.0004162089197812616
2023-05-31,-0.0020930354775337014
2023-06-01,0.0021433541143838436
2023-06-02,-0.008242280971990845
2023-06-05,0.004471375407628929
2023-06-06,-0.006123590230961106
2023-06-07,-0.008209929363166224
2023-06-08,0.005618354760433147
2023-06-09,0.001341201330304751
2023-06-12,0.0030642604487682223
2023-06-13,0.0005800087741358028
2023-06-14,0.002818590757845707
2023-06-15,0.0018730858894630896
2023-06-16,0.00023834944857805302
2023-06-20,-0.004818880442671775
2023-06-21,-0.003362576379436556
2023-06-22,0.004964079959440839
2023-06-23,-0.002726458273264767
2023-06-26,-0.004456912235577309
2023-06-27,0.0025330544013829333
2023-06-28,-0.0015557212648368097
2023-06-29,-0.0010014498151154577
2023-06-30,0.005101040664245345
2023-07-03,0.0013058332423614642
2023-07-05,0.002350186712074904
2023-07-06,0.001681057993209172
2023-07-07,-0.002268282213893833
2023-07-10,-0.0036341252005637078
2023-07-11,-0.0013987305688023149
2023-07-12,0.000580953561376529
2023-07-13,0.0013166912744403988
2023-07-14,0.0010637912937890915
2023-07-17,0.0011779803294856043
2023-07-18,0.002651952763528529
2023-07-19,-0.0028068810411102365
2023-07-20,-0.005195432616845706
2023-07-21,-0.0016312266216272952
2023-07-24,0.0006289821661584862
2023-07-25,0.0036866646498433767
2023-07-26,-0.0004736126561573366
2023-07-27,-0.0005839598745954046
2023-07-28,0.007376828357859649
2023-07-31,-0.0007972645498478931
2023-08-01,-0.00028391905811303255
2023-08-02,-0.008291630408854698
2023-08-03,0.004730816061902117
2023-08-04,-0.006318173385879753
2023-08-07,0.004882065143983466
2023-08-08,-0.007227563981010213
2023-08-09,-0.006499234905797067
2023-08-10,0.004780676775403917
2023-08-11,-0.001681645779357986
2023-08-14,0.004178772770262608
2023-08-15,-0.00352664383209814
2023-08-16,-0.0015043091594551079
2023-08-17,-0.0012693888123124068
2023-08-18,-0.002052013249021346
2023-08-21,0.008008780774429144
2023-08-22,-0.0020039279714140065
2023-08-23,-0.0026396831201121874
2023-08-24,-0.0014183528666917048
2023-08-25,0.0006981806954675302
2023-08-28,-0.0003362133773899767
2023-08-29,0.0020619238100924985
2023-08-30,0.0018342361674713334
2023-08-31,-0.00054175810093981
2023-09-01,0.0017707317598509268
2023-09-05,0.004952030450068721
2023-09-06,-0.004186690049112431
2023-09-07,-0.0006238275297334179
2023-09-08,0.00027110786836481574
2023-09-11,0.0037145651275471603
2023-09-12,-0.004325253201757357
2023-09-13,0.0023113227918684924
2023-09-14,0.0010939212396691522
2023-09-15,-0.0022003810591992106
2023-09-18,0.0009268314807192797
2023-09-19,0.0014075027760200578
2023-09-20,-0.0034007058268149923
2023-09-21,0.0005049517574679399
2023-09-22,-0.001168173341527815
2023-09-25,0.005479435000181675
2023-09-26,-0.002706141045896841
2023-09-27,-0.0022311901561279097
2023-09-28,-0.0018251888937097843
2023-09-29,0.0010704539011863411
2023-10-02,0.012087516041803305
2023-10-03,0.005370271781631896
2023-10-04,-4.541810527797642e-05
2023-10-05,-0.0009601340202013447
2023-10-06,0.0023086319237620224
2023-10-09,-0.007812382822536254
2023-10-10,-0.0013387189546800692
2023-10-11,-0.003095715597334606
2023-10-12,0.011222576876221415
2023-10-13,-0.006074064100287302
2023-10-16,0.004134327010994634
2023-10-17,-0.0008031016591926791
2023-10-18,0.005231644687249469
2023-10-19,0.006975991273223496
2023-10-20,-0.0011496397714308602
2023-10-23,-0.0010456988964588907
2023-10-24,-0.0027666530805892735
2023-10-25,0.0036517907828028107
2023-10-26,-0.006599717336847846
2023-10-27,0.006424944485245332
2023-10-30,-0.0012876402474534436
2023-10-31,-0.001643147381361253
2023-11-01,-0.0036517489358914986
2023-11-02,-0.0070491171264194605
2023-11-03,-0.0040626511339664365
2023-11-06,0.004197029605406416
2023-11-07,-0.0007519643129076723
2023-11-08,-0.0030725305965350414
2023-11-09,0.005266257415504666
2023-11-10,0.0014970561194123614
2023-11-13,0.00048398950773979914
2023-11-14,-0.007803206845608799
2023-11-15,0.002487493224130764
2023-11-16,0.0033320859250172805
2023-11-17,-0.0036152136741796673
2023-11-20,0.0011981895822094277
2023-11-21,0.0026539537244213416
2023-11-22,-0.0010237944299981933
2023-11-24,0.0022011547894596603
2023-11-27,-0.0019468249275173637
2023-11-28,0.003369821359150974
2023-11-29,-0.0032466764222693315
2023-11-30,0.0008707639790369667
2023-12-01,-0.0030912227576837484
2023-12-04,-0.00855401352205383
2023-12-05,-0.0033864910050468307
2023-12-06,-0.004630827219634234
2023-12-07,0.00575437566981954
2023-12-08,-0.0019756107248861663
2023-12-11,0.000344795176033608
2023-12-12,0.002914208639687854
2023-12-13,0.008121816561092851
2023-12-14,-0.0026903140455077435
2023-12-15,-0.003235212331358345
2023-12-18,0.0029288785453650207
2023-12-19,0.0074023075691069095
2023-12-20,-0.011067904224784387
2023-12-21,0.009679227585887512
2023-12-22,0.0021839312775724083
2023-12-26,0.006399103490800972
2023-12-27,0.0038031990632139846
2023-12-28,-0.002748539243492014
2023-12-29,-0.006137755867205896
2024-01-02,-0.007869483342531035
2024-01-03,-0.010475253742333072
2024-01-04,-0.0026982520927984303
2024-01-05,-0.0006199570988663279
2024-01-08,0.009467424648409533
2024-01-09,-0.001355421809272975
2024-01-10,0.003612390641595069
2024-01-11,0.000551879359264222
2024-01-12,0.003485839933937812
2024-01-16,-0.005278952202649128
2024-01-17,-0.006545505760639442
2024-01-18,0.008372980521574678
2024-01-19,0.007836799966651814
2024-01-22,-0.003220447557496364
2024-01-23,0.004021985523480147
2024-01-24,0.00025995297250515776
2024-01-25,0.0013825495761844004
2024-01-26,-0.001541649645518279
2024-01-29,0.0038015301949271088
2024-01-30,-0.003056892698973577
2024-01-31,-0.011699782481728942
2024-02-01,0.008269753253928591
2024-02-02,0.0032172910783118494
2024-02-05,-0.0035637825481159035
2024-02-06,0.0003535825357990148
2024-02-07,0.0046860742797397905
2024-02-08,-0.0018714714758564393
2024-02-09,0.00023690285000743568
2024-02-12,-0.0035369617761703788
2024-02-13,-0.008407820885911195
2024-02-14,0.006880506263911213
2024-02-15,-0.00019040767627454837
2024-02-16,-0.0025302784723854606
2024-02-20,-0.004124135980922879
2024-02-21,0.0005194118005018267
2024-02-22,0.01163526245505275
2024-02-23,-0.0021231996219924017
2024-02-26,-0.0013737374097131543
2024-02-27,0.0011164405664049915
2024-02-28,-0.0032259876125958643
2024-02-29,0.0025943423725777264
2024-03-01,0.009767035001624546
2024-03-04,0.0023658499900700678
2024-03-05,-0.007248903206129242
2024-03-06,0.00535823636173162
2024-03-07,0.009584431420042975
2024-03-08,-0.0034286084262015264
2024-03-11,-0.0019080043906228453
2024-03-12,0.005532977528837734
2024-03-13,-3.7483708722988364e-05
2024-03-14,-0.0009566496595342142
2024-03-15,-0.004556805462232601
2024-03-18,0.0038938467860520254
2024-03-19,0.0009653991630275019
2024-03-20,0.006965121859070034
2024-03-21,0.00018703748938963096
2024-03-22,-0.0039842520111359
2024-03-25,-5.381484977451552e-05
2024-03-26,-0.0006613234281923429
2024-03-27,0.0031024221793307487
2024-03-28,0.001837868617322587
2024-04-01,0.003190427472820162
2024-04-02,-0.0019643108276312365
2024-04-03,0.003613846883630855
2024-04-04,-0.009564045063798056
2024-04-05,0.01124561423661772
2024-04-08,0.002347311747901911
2024-04-09,0.00012391855153061576
2024-04-10,-0.0040575915071582825
2024-04-11,0.010012473137876123
2024-04-12,-0.010931746557170123
2024-04-15,0.0015127815491256422
2024-04-16,0.0008188666091882628
2024-04-17,-0.005971623847366961
2024-04-18,6.053032096684462e-05
2024-04-19,-0.006177300882683208
2024-04-22,-0.001791722741455471
2024-04-23,0.0029856451941484186
2024-04-24,0.0013565190445390875
2024-04-25,0.0001781746842763957
2024-04-26,0.005231953544275707
2024-04-29,-0.0004796627900828955
2024-04-30,-0.009828807598474472
2024-05-01,-0.00223530042010771
2024-05-02,0.003537585105316721
2024-05-03,0.004587815108742905
2024-05-06,0.006518160111484152
2024-05-07,-0.0014059613216180172
2024-05-08,0.0002534366684679821
2024-05-09,0.005317779529519814
2024-05-10,0.003878560162459145
2024-05-13,-0.0022769528340330076
2024-05-14,0.0036895741947262344
2024-05-15,0.0070827612380884265
2024-05-16,-0.00250235652762873
2024-05-17,0.00544377898330598
2024-05-20,0.00301165231118582
2024-05-21,-0.0007763687006911976
2024-05-22,-0.006138071564573523
2024-05-23,-0.005573378450793846
2024-05-24,0.0038806847305631175
2024-05-28,0.0050279234529940235
2024-05-29,-0.0043049427523066544
2024-05-30,-0.0038946883135479167
2024-05-31,-0.00045794848733381833
2024-06-03,0.0005440133410108919
2024-06-04,-0.0030085025722615018
2024-06-05,0.007524825801246723
2024-06-06,0.0031551856781637396
2024-06-07,-0.007563028025520596
2024-06-10,0.0026011270780118448
2024-06-11,-0.0005162195424649207
2024-06-12,0.00259975477475154
2024-06-13,-0.002187123981609028
2024-06-14,0.0033482622639414627
2024-06-17,0.0014006457315927873
2024-06-18,0.0017613593380887945
2024-06-20,0.0013574946121158585
2024-06-21,-0.005378058570631551
2024-06-24,-0.0027882447389324105
2024-06-25,0.003224963484052354
2024-06-26,-0.0021619108592886085
2024-06-27,0.0013641149839479776
2024-06-28,-0.00262051066461577
2024-07-01,0.004635658689732349
2024-07-02,0.0021429366861712047
2024-07-03,0.0028444714103795744
2024-07-05,0.005781381234886284
2024-07-08,-0.004041609502301302
2024-07-09,0.0011875208071544328
2024-07-10,0.004222136560922174
2024-07-11,-0.010646522701643159
2024-07-12,0.0010713419744964408
2024-07-15,0.001377435767397693
2024-07-16,0.007728508514370439
2024-07-17,-0.01271155385379459
2024-07-18,-0.008310024152049707
2024-07-19,-0.00852282305056607
2024-07-22,0.009476882349503475
2024-07-23,0.00174077759261012
2024-07-24,-0.01667586747862584
2024-07-25,-0.005426627878718478
2024-07-26,0.008666689645276384
2024-07-29,-0.0030097148687420828
2024-07-30,-0.0009265430597724748
2024-07-31,0.014279641440299215
2024-08-01,-0.017345691869547975
2024-08-02,-0.02015184211796468
2024-08-05,-0.017315938958541277
2024-08-06,-0.004027966537859645
2024-08-07,-0.0050800867992198216
2024-08-08,0.005859756799392993
2024-08-09,0.0034337468756298296
2024-08-12,0.005373389485994323
2024-08-13,0.006262779779092019
2024-08-14,0.00017119629320914648
2024-08-15,0.005939836190286811
2024-08-16,0.00666536855903107
2024-08-19,0.005979988987971274
2024-08-20,0.0020396051514542718
2024-08-21,0.0022047996439627524
2024-08-22,-0.009814941494026855
2024-08-23,0.010020547525610936
2024-08-26,-0.0028368000709758025
2024-08-27,0.001057056379106899
2024-08-28,-0.005584163058693445
2024-08-29,0.001100790290784503
2024-08-30,-0.0003023038172421088
2024-09-03,-0.009886674244428682
2024-09-04,1.8495751223609677e-05
2024-09-05,0.002684464614319428
2024-09-06,-0.010400854264735814
2024-09-09,0.007015543185646273
2024-09-10,0.0028979769422077823
2024-09-11,0.002110962154595047
2024-09-12,0.005076293754400144
2024-09-13,0.0016346578474905414
2024-09-16,0.0020649680402689556
2024-09-17,-0.003048831914704733
2024-09-18,-0.006814354350544477
2024-09-19,0.012679059076923835
2024-09-20,-9.191915718871366e-05
2024-09-23,0.0006277448803600114
2024-09-24,0.004963588638962252
2024-09-25,-0.0037370401923287116
2024-09-26,0.0061741144800377835
2024-09-27,-0.0031088915862692882
2024-09-30,-0.002255324590512902
2024-10-01,-0.0018212139852187537
2024-10-02,-0.0018091388881981423
2024-10-03,-0.004218725534092558
2024-10-04,0.0012907935435705056
2024-10-07,-0.007044285011209188
2024-10-08,0.004118613753419891
2024-10-09,0.0020057408421442283
2024-10-10,0.0010011485276906846
2024-10-11,0.00532428438593563
2024-10-14,0.00397100791383095
2024-10-15,-0.005575663790366266
2024-10-16,0.0035590060239843683
2024-10-17,0.00022867125136227378
2024-10-18,0.0027800173110263835
2024-10-21,-0.00042021664673308473
2024-10-22,0.0026504405950023586
2024-10-23,-0.00656182113440518
2024-10-24,0.0017983238816562258
2024-10-25,0.002696730357273283
2024-10-28,-7.31849739812336e-05
2024-10-29,0.005059457576698659
2024-10-30,-0.0005056754119923772
2024-10-31,-0.01212611331377546
2024-11-01,0.003280575525806993
2024-11-04,-0.0024897789652502844
2024-11-05,0.0031189558588858714
2024-11-06,0.014802828099383153
2024-11-07,0.0032130509644409605
2024-11-08,0.0013736733523719877
2024-11-11,-0.0010485224328041591
2024-11-12,-0.001990814655142407
2024-11-13,-0.0024223000334778603
2024-11-14,-0.006373980179927801
2024-11-15,-0.008267546488338471
2024-11-18,0.004466630569008301
2024-11-19,0.004164665121038822
2024-11-20,0.0020349407039020333
2024-11-21,0.00575856387143905
2024-11-22,0.005499548033249657
2024-11-25,-0.0059986930319814655
2024-11-26,0.002370151351753478
2024-11-27,-0.0025914296133463443
2024-11-29,0.002770838106014517
2024-12-02,-0.00024148710513925448
2024-12-03,-0.0021145793969217243
2024-12-04,0.005342079623732386
2024-12-05,-0.005457105416468969
2024-12-06,0.002755634675371255
2024-12-09,-0.0022557197246668983
2024-12-10,0.0015183126167182793
2024-12-11,0.005691026967600429
2024-12-12,-0.0063346911943034144
2024-12-13,-0.0016303046028570052
2024-12-16,0.005273128556638567
2024-12-17,-0.003934517276481588
2024-12-18,-0.01663418811197405
2024-12-19,0.000727612909691704
2024-12-20,0.005827520280655774
2024-12-23,0.0026330068738370737
2024-12-24,0.0036835757467405267
2024-12-26,-5.570367698592911e-05
2024-12-27,-0.003639400718613659
2024-12-30,-0.005957685121504762
2024-12-31,-0.0001815229692857028
2025-01-02,0.001910826097353089
2025-01-03,0.003933876989957994
2025-01-06,0.0021535056879701496
2025-01-07,-0.002569450844869673
2025-01-08,0.0013149422187345528
2025-01-10,-0.0002692817422128211
2025-01-13,-0.0017268454150823147
2025-01-14,3.644338569241402e-05
2025-01-15,0.002850026304931826
2025-01-16,-0.0021000238588447686
2025-01-17,0.0031623205818252127
2025-01-21,0.0011274730584307992
2025-01-22,0.005789223637775945
2025-01-23,0.001621553696115012
2025-01-24,-0.0025467486250768047
2025-01-27,-0.01391962022864948
2025-01-28,0.007194020513079835
2025-01-29,-0.0021677933931332303
2025-01-30,0.004036916984234841
2025-01-31,0.0007916308648736835
2025-02-03,-0.004642582207822847
2025-02-04,0.005284153289998166
2025-02-05,-0.0018307168387545478
2025-02-06,0.0008852095996198635
2025-02-07,-0.00452991057217637
2025-02-10,0.010173106150153297
2025-02-11,-0.0006062797343373334
2025-02-12,0.002242535237528592
2025-02-13,0.003819517216840291
2025-02-14,-0.003351621841208178
2025-02-18,0.006937263295112367
2025-02-19,-0.0004833410815198973
2025-02-20,-0.000991958890626912
2025-02-21,-0.0084609959767107
2025-02-24,-0.0019086485420109296
2025-02-25,-0.005774929185800439
2025-02-26,0.00035369394326768323
2025-02-27,-0.010119092492060703
2025-02-28,0.0032169868535479734
2025-03-03,0.0065841820178499854
2025-03-04,-9.656728521494315e-05
2025-03-05,0.00506765117994057
2025-03-06,-0.0053084325280456255
2025-03-07,0.0034658714147822013
2025-03-10,-0.005500745258832495
2025-03-11,0.0010204478420480262
2025-03-12,0.0006833390150869014
2025-03-13,0.009404799621053924
2025-03-14,-0.0031659663881571346
2025-03-17,-0.00015340947787405304
2025-03-18,0.006194873682057769
2025-03-19,-0.0030476659496975916
2025-03-20,-0.0005160699307753398
2025-03-21,-0.0027210514032066802
2025-03-24,-0.009444909843470644
2025-03-25,0.003785705023311762
2025-03-26,-0.0020481940386947147
2025-03-27,0.00473170080747152
2025-03-28,0.0014164683823817941
2025-03-31,0.0016269142204255193
2025-04-01,-0.0019445596072436607
2025-04-02,-0.003116482640599028
2025-04-03,0.007492923502705417
2025-04-04,-0.012578695582902697
2025-04-07,-0.012425140776035232
2025-04-08,0.010149223944172657
2025-04-09,-0.058337468915820735
2025-04-10,0.033508518141022466
2025-04-11,0.0037812214173324394
2025-04-14,-0.00671730534161274
2025-04-15,0.000824765492602391
2025-04-16,0.008246848119323302
2025-04-17,0.0002198931097540342
2025-04-21,0.01715503830879108
2025-04-22,-0.009121985661207543
2025-04-23,-0.012851208532455517
2025-04-24,-0.004092396159469254
2025-04-25,-0.0037797420139033975
2025-04-28,0.004081354590176084
2025-04-29,-0.003815845213758239
2025-04-30,-0.0009146460019001879
2025-05-01,-0.00824804571327825
2025-05-02,0.001039326397752415
2025-05-05,0.009371268459423958
2025-05-06,0.007686108263148937
2025-05-07,-0.005518415562572024
2025-05-08,-0.008434830791766027
2025-05-09,0.003258261604352888
2025-05-12,-0.00769936451343645
2025-05-13,0.002557770301114636
2025-05-14,-0.0014150651933159742
2025-05-15,0.0025528876444473564
2025-05-16,-0.0026662879097472136
2025-05-19,0.005680295550405365
2025-05-20,0.004551552115388587
2025-05-21,0.0044846171104929305
2025-05-22,-0.002424935344132036
2025-05-23,0.0024421445367514352
2025-05-27,-0.0022052874031359563
2025-05-28,-0.0009181300119031893
2025-05-29,0.0002140249032820617
2025-05-30,-0.0006619383450847486
2025-06-02,0.00990482611080523
2025-06-03,-0.004062081824836156
2025-06-04,-2.5161400422273706e-05
2025-06-05,-0.0030267516683936597
2025-06-06,-0.001067239603400538
2025-06-09,-0.0002798269317236815
2025-06-10,-0.00020338592114409377
2025-06-11,-7.146704456589691e-05
2025-06-12,0.00336170000858928
2025-06-13,0.0012171837057620414
2025-06-16,-6.661218166356424e-05
2025-06-17,-0.004557998196622184
2025-06-18,-0.0020952351598335214
2025-06-20,-0.0022365097271002696
2025-06-23,0.0021109891405121472
2025-06-24,-0.0007506514778979973
2025-06-25,0.0022914586304339482
2025-06-26,0.0018254826957574168
2025-06-27,-0.0007732181925818784
2025-06-30,0.004098722073538625
2025-07-01,-0.00261075029456297
2025-07-02,0.0009361524663030382
2025-07-03,0.0004837674964211922
2025-07-07,-0.003616105701529806
2025-07-08,-0.0011125001765268658
2025-07-09,0.0019233810824465785
2025-07-10,-0.00023228805364438544
2025-07-11,0.0009616636712900695
2025-07-14,0.00034941931548695135
2025-07-15,-0.0011177061308101474
2025-07-16,0.001926449911337325
2025-07-17,0.0007129830503607023
2025-07-18,2.1804289462712924e-05
2025-07-21,0.003732682515264367
2025-07-22,-0.00026910471292031565
2025-07-23,0.001985907272981844
2025-07-24,-0.0012476175156477243
2025-07-25,-0.002456418196661099
2025-07-28,-0.0029859328783619996
2025-07-29,-0.0021610818804039824
2025-07-30,-0.0036239927050614068
2025-07-31,-0.001135903410547896
2025-08-01,-0.0020721683283352966
2025-08-04,0.005873363314925956
2025-08-05,-0.003707048347707312
2025-08-06,0.004763733647890986
2025-08-07,0.003970552737395491
2025-08-08,0.0040709554986110945
2025-08-11,-0.00517211637274708
2025-08-12,0.0011773087221263238
2025-08-13,-0.0011927206390455257
2025-08-14,-0.0005096810017508431
2025-08-15,-0.00024994677882881375
2025-08-18,-0.0009931698870557057
2025-08-19,-0.005291596601130567
2025-08-20,0.0011149251364387667
2025-08-21,-0.003828410098835377
2025-08-22,0.008923260086146493
2025-08-25,-0.004741651741074728
2025-08-26,0.003608045466141974
2025-08-27,0.0012076206043241246
2025-08-28,0.0037114939698156342
2025-08-29,-0.002124451871145486
2025-09-02,-3.564994984829935e-05
2025-09-03,0.002826415246437524
2025-09-04,0.0035173882711321686
2025-09-05,0.002578367732129814
2025-09-08,0.005212376941039233
2025-09-09,-0.0015993486500436363
2025-09-10,0.0014034419968009348
2025-09-11,0.006957276094044615
2025-09-12,-0.0009821994649170961
2025-09-15,0.006391765969375297
2025-09-16,-0.00045972060367680917
2025-09-17,-0.0029149961553885
2025-09-18,0.0035685284654929424
2025-09-19,0.002877586384935458
2025-09-22,0.007099004201342283
2025-09-23,-0.0020666298143042668
2025-09-24,-0.006214928363048176
2025-09-25,-0.0036062956014218475
2025-09-26,0.005538636495609624
2025-09-29,0.006731547980444113
2025-09-30,0.003826801541991631
2025-10-01,0.0031791081477774
2025-10-02,0.0017209028153520188
2025-10-03,0.002616843974411984
2025-10-06,0.006516311512109906
2025-10-07,-0.0038087058056703073
2025-10-08,0.009713239422500086
2025-10-09,-0.007114677157913235
2025-10-10,-0.017632460401455465
2025-10-13,0.019479402614614658
2025-10-14,0.002235787730147721
2025-10-15,0.007243706466649389
2025-10-16,0.00010642346278335289
2025-10-17,-0.003767101338278286
2025-10-20,0.016657897088527922
2025-10-21,-0.014166063247905087
2025-10-22,-0.005068488682392998
2025-10-23,0.0040656673081359545
2025-10-24,0.004153425066727683
2025-10-27,0.0017264005412927787
2025-10-28,0.0003398423368976304
2025-10-29,-0.00323427071658043
2025-10-30,-0.0035909461199175353
2025-10-31,-0.000337882825902065
2025-11-03,0.00140757004670515
2025-11-04,-0.01270502572267699
2025-11-05,0.0037257451919043543
2025-11-06,-0.0051473800703995985
2025-11-07,0.0008965961699146195
2025-11-10,0.015387512680691152
2025-11-11,0.002402942768341203
2025-11-12,0.00471101143649695
2025-11-13,-0.012443910951685268
2025-11-14,-0.005233063256860732
2025-11-17,-0.00561644509066422
2025-11-18,-0.005656681669339955
2025-11-19,0.001612118008587339
2025-11-20,-0.007641928766361074
2025-11-21,0.000602381576301865
2025-11-24,0.010781330089478253
2025-11-25,0.0035806977556642632
2025-11-26,0.006429468039389298
2025-11-28,0.005517667926956571
2025-12-01,-0.004658185734050295
2025-12-02,0.0007874174495765154
2025-12-03,0.002489598053259293
2025-12-04,-0.0001987763153743677
2025-12-05,-0.0001360109434048874
2025-12-08,-0.0023078310443708358
2025-12-09,0.0013837311721130357
2025-12-10,0.006702019248209572
2025-12-11,0.0048068509194203815
2025-12-12,-0.00922784418009635
2025-12-15,-0.002115728846240533
2025-12-16,-0.002418051598520963
2025-12-17,-0.006189673229760124
2025-12-18,0.00579767898819519
2025-12-19,0.006427731945941916
2025-12-22,0.009905350273351834
2025-12-23,0.00543223216864535
2025-12-24,0.0006819627007691099
2025-12-26,0.002375027196102615
2025-12-29,-0.012753544182512611
2025-12-30,-0.0009222833569908484
2025-12-31,-0.006774348584019899
2026-01-02,0.003888936762837266
2026-01-05,0.012654351077911517
2026-01-06,0.0065832167857081385
2026-01-07,-0.004409109514434639
2026-01-08,0.002071178362143461
2026-01-09,0.007921985332345954
2026-01-12,0.007001908700103528
2026-01-13,-0.0023659072910125942
2026-01-14,0.0025241875283060016
2026-01-15,0.0014523624063608655
2026-01-16,-0.0009282543732323939
2026-01-20,-0.002711932936584276
2026-01-21,0.014080093209659663
2026-01-22,0.007931722720489184
2026-01-23,0.00017627291882767063
2026-01-26,0.005158117817633292
2026-01-27,0.012274021893006698
2026-01-28,0.005485011180014298
2026-01-29,0.0011042316468662932
2026-01-30,-0.03172291084019644
2026-02-02,-0.004538520303764317
2026-02-03,0.013058021907516495
2026-02-04,-0.0030200751762838227
2026-02-05,-0.01759802081177103
2026-02-06,0.019707590685610874
2026-02-09,0.01078186226563033
2026-02-10,-0.0024932654425626004
2026-02-11,0.002965667487257343
2026-02-12,-0.012575946466671747
2026-02-13,0.009036565189690664
2026-02-17,-0.006797693542343868
2026-02-18,0.0037200014358475023
2026-02-19,0.0010331108079533742
2026-02-20,0.004624830758224474
2026-02-23,0.0033955216183709914
2026-02-24,-0.0012461309383372178
2026-02-25,0.0003331733859305133
2026-02-26,0.004112061413646817
2026-02-27,0.0010271562945665482
2026-03-02,-0.0021089206929328233
2026-03-03,-0.01933844200864002
2026-03-04,0.00455574979042197
2026-03-05,-0.011777038006187384
2026-03-06,-0.004301313288264577
2026-03-09,0.005474155261413108
2026-03-10,0.0018232668129150485
2026-03-11,-0.0052568248807766645
2026-03-12,-0.015011646824928804
2026-03-13,-0.010659938080607228
2026-03-16,0.004945810328068229
2026-03-17,-0.0016167517235900844
2026-03-18,-0.02157891911643239
2026-03-19,-0.018772358267720928
2026-03-20,-0.025953962417200018
2026-03-23,-0.0032814000046011175
2026-03-24,0.001711057914421183
2026-03-25,0.012523277711774233
2026-03-26,-0.011770485050156414
2026-03-27,0.009119925959891593
2026-03-30,-0.003308959871862599
2026-03-31,0.004065615449005675
2026-04-01,0.002126076780300907
2026-04-02,-0.006812967719846268
2026-04-06,-0.0007312948585117743
2026-04-07,0.0026661567096928408
2026-04-08,0.01128970719219804
2026-04-09,0.0015531962900408802
2026-04-10,-0.0006811144812338908
2026-04-13,0.0036307378679936797
2026-04-14,0.011567386572699786
2026-04-15,-0.0030728927534119633
2026-04-16,-5.029443555021855e-05
2026-04-17,0.01333899917601436
2026-04-20,-0.0022683428981049784
2026-04-21,-0.01462224149768496
2026-04-22,0.009214946999411935
2026-04-23,-0.00548138249093234
2026-04-24,0.008132030466588816
2026-04-27,-0.0006783341517944439
2026-04-28,-0.011058953713856106
2026-04-29,-0.0013720888388219043
2026-04-30,0.012501265266155207
2026-05-01,0.0031183371647188164
2026-05-04,-0.004521289932143389
2026-05-05,0.00928596920831999
2026-05-06,0.010095860511323655
2026-05-07,-0.003050882502873063
2026-05-08,0.009195188505616108
2026-05-11,0.003135012008843905
2026-05-12,-0.004220886433928015
2026-05-13,0.0022484399530506892
2026-05-14,0.002866303444160305
2026-05-15,-0.009761180328899565
2026-05-18,-0.0023690141984200183
2026-05-19,-0.003758672356183599
2026-05-20,0.007638388160046466
2026-05-21,0.0004299075276996749
2026-05-22,0.0012786172789797884
2026-05-26,0.008476683945993236
2026-05-27,-0.0014786676115148341
2026-05-28,0.0035569288206203174
2026-05-29,-0.00028532705792426536
2026-06-01,0.0008829820504267594
2026-06-02,0.0030907758270152966
2026-06-03,-0.004362323237242302
2026-06-04,0.002705893939380848
2026-06-05,-0.022547799083264253
2026-06-08,0.007439466033002614
2026-06-09,-0.0022769811465489344
2026-06-10,-0.004992543130175679
2026-06-11,0.01138708099958135
2026-06-12,0.004205604223989655
2026-06-15,0.0055806861035613215
2026-06-16,-0.008201596113671635
2026-06-17,-0.0025221698420592282
2026-06-18,0.012983666751749804
2026-06-22,0.0031574579686323235
2026-06-23,-0.009693136396190303
2026-06-24,0.005406313426848586
2026-06-25,0.00195917100736762
2026-06-26,-0.0069789938933098134
2026-06-29,0.011179421987145435
2026-06-30,0.0060964211893099985
2026-07-01,-0.007913582211378218
2026-07-02,-0.010311746055159844
2026-07-06,0.003408401532675534
2026-07-07,-0.004655000008220781
2026-07-08,-0.0011673857663546884
2026-07-09,0.0050983669304477406
2026-07-10,0.001462962987002649
2026-07-13,-0.0014525676240766242
2026-07-14,0.0012841021798975162
2026-07-15,0.0012275344513011791
2026-07-16,-0.0013290265623646944
2026-07-17,-0.00815136381332183
2026-07-20,-0.0005028331771426949
2026-07-21,0.004993343984761002
2026-07-22,-0.0042931613940273596
2026-07-23,-0.00363189613783288
2026-07-24,-0.0016343051613109361
2026-07-27,-0.0012208917461735776
2026-07-28,0.001786931853624205
2026-07-29,-0.005015044283525454
2026-07-30,0.006920012311171877
2026-07-31,0.0024012700362475914
2026-08-03,0.005620864085086489
2026-08-04,0.0073888942109136225
2026-08-05,-0.010191656449170923
2026-08-06,-0.0008760907123709726
2026-08-07,0.0029361194891311753
2026-08-10,-0.001930587946678023
2026-08-11,-0.00020975426453705338
2026-08-12,0.00294340594278352
2026-08-13,0.002918296579662302
2026-08-14,0.0016379146558935162
2026-08-17,-0.0014540665453723288
2026-08-18,-0.007972623709840004
2026-08-19,-0.002778551086990974
2026-08-20,-0.004450867358893482
2026-08-21,0.00620725364341027
2026-08-24,-0.003906300013226241
2026-08-25,0.0012974847509614367
2026-08-26,-0.003191694738314161
2026-08-27,0.0025200790723976514
2026-08-28,-0.007000810265560395
2026-08-31,-0.0016515863829204814
2026-09-01,-0.006882134036097656
2026-09-02,0.004557973945308436
2026-09-03,0.005110402461055247
2026-09-04,-0.0001819188253407108
2026-09-08,-0.003817660382790739
2026-09-09,-0.005515790600304416
2026-09-10,-0.0029279802683590283
2026-09-11,0.005641461097395921
2026-09-14,-0.0038504342027422416
2026-09-15,-0.003381798112733756
2026-09-16,-0.002244993582727536
2026-09-17,0.003909705671448782
2026-09-18,9.40126464768507e-05
2026-09-21,0.01137872002604935
2026-09-22,0.002566003021491243
2026-09-23,-0.0004040001299956404
2026-09-24,0.0027937357727923625
2026-09-25,0.0029882202363310665
