,asset,kappa,theta,sigma
0,SPY,281.70831910890604,0.0005481875571154391,0.17492842500227185
1,QQQ,278.5460572920101,0.0007632476214246467,0.216938785832518
2,IWM,265.46288281224264,0.0004001292251863053,0.22469416542528892
3,EFA,273.79348575153875,0.0002628428361778983,0.1721282970269945
4,EEM,277.09440894480696,0.00020281243709129477,0.20569824460211356
5,AGG,248.3640518595663,5.652225044748148e-05,0.05308854448035862
6,TLT,258.35533347268415,-3.1153636386848696e-06,0.1530764678445445
7,GLD,248.54381115657685,0.00033885580021401625,0.14116612528568603
8,DBC,246.50240083029374,0.0001805258017275253,0.1782923582273312
9,VNQ,265.89818833981826,0.0002774596232090186,0.20791262760503967
10,XLE,260.64208272851766,0.0003671610127405187,0.29781232566523785
11,XLF,279.2516986284971,0.0005232677539287625,0.22056648750713198
12,XLK,285.6289861402111,0.0008455213715143147,0.23097490923120595
13,XLP,278.53461327240825,0.0003415017890631076,0.14558771620252067
14,XLU,273.2340083597957,0.00038971123552371576,0.19191573037432058
15,XLV,274.3638739635191,0.00039723598840790106,0.16684041360705948
16,VIG,284.7283262241069,0.00048061255165155945,0.15890917201796712
17,SCHD,282.0980671405225,0.0004713592071657785,0.16539098521803097
18,SHY,261.83413358997797,4.9824087411525734e-05,0.0151931609621975
