,Sharpe,AnnRet%,Count
SMA200_Regime0,4.084547204231778,37.49162187788375,2052.0
SMA200_Regime1,4.603605317858994,47.76262365661798,945.0
SMA200_Regime2,-11.901374330425783,-176.5774871355402,506.0
SMA200_Regime3,4.779577254122574,42.83288300173404,138.0
VolTarget_Regime0,4.602259416177543,43.309829209171916,2052.0
VolTarget_Regime1,3.566198644891877,35.69510462112683,945.0
VolTarget_Regime2,-14.967039583448727,-192.10402075231312,506.0
VolTarget_Regime3,5.9830584075561815,54.11545207419293,138.0
TSMOM_Regime0,2.201628145968551,26.38764293518464,2052.0
TSMOM_Regime1,4.939753703843087,54.35775995560827,945.0
TSMOM_Regime2,-7.3791771886088515,-189.12415775322944,506.0
TSMOM_Regime3,2.8161835796407635,100.56363719585161,138.0
RSI2_Regime0,2.22860812131365,9.752732993147568,2052.0
RSI2_Regime1,2.173121929227365,10.848431738850799,945.0
RSI2_Regime2,-4.169817600021621,-48.81133232591631,506.0
RSI2_Regime3,3.0788077698336136,71.03477490129112,138.0
MA50_200_Regime0,1.9522442778418714,23.419825121879693,2052.0
MA50_200_Regime1,4.844526030165263,53.40442837404844,945.0
MA50_200_Regime2,-5.607833130840314,-149.29694908276977,506.0
MA50_200_Regime3,-0.4268022908051083,-15.44083929193134,138.0
