,Test MSE,Dir Acc,Correlation,Strategy Sharpe,Strategy AnnRet%,Strategy MaxDD%
Linear,6694.7,0.414,0.122,0.42,2.23,-13.59
Ridge(1),6596.16,0.407,0.126,0.41,2.21,-13.59
Ridge(10),5808.88,0.409,0.138,0.42,2.25,-13.99
Lasso(0.1),1632.59,0.694,-0.0,0.58,4.99,-18.76
RF(100),7235.0,0.307,-0.056,0.16,0.29,-6.88
GBM(100),7520.13,0.31,-0.006,0.05,0.08,-4.19
MLP(32),51085.31,0.54,0.001,0.46,3.11,-18.76
"MLP(64,32)",30764.19,0.426,0.095,0.22,0.99,-12.49
"MLP(128,64,32)",47676.22,0.601,-0.136,0.37,2.53,-23.74
