,name,AnnRet%,AnnVol%,Sharpe,MaxDD%,days
0,Buy&Hold SPY,15.0,16.51,0.93,-33.72,3703
1,SMA200 Trend (SPY),10.28,11.37,0.92,-21.55,3703
2,TSMOM 12-1 (SPY),4.35,16.56,0.34,-37.06,3703
3,MA 50/200 Cross (SPY),3.55,16.54,0.29,-40.36,3703
4,RSI(2) MeanRev (SPY),3.99,7.59,0.55,-18.37,3703
5,Vol-Target 10% (SPY),9.43,11.29,0.86,-15.13,3703
6,Dual Momentum GEM,29.87,17.71,1.57,-21.73,3704
7,XSec Mom 12-1 Top3,28.02,25.72,1.09,-34.5,3609
8,Short-Term Reversal,-18.64,13.69,-1.44,-94.95,3609
9,Pairs AAPL/MSFT z-score,-1.59,11.8,-0.08,-54.21,3608
